{
    "TransportData": [
    ],
    "NpcsTimers": [
    ],
    "FactionData": [
        {
            "Points": 2000,
            "Faction": 0
        }
    ],
    "BankData": [
        {
            "BankInv": [
                {
                    "BankItems": {
                        "NpcMiscInv": [
                            {
                                "Slot": 0b,
                                "ForgeCaps": {
                                    "customnpcs:itemscripteddata": {
                                    }
                                },
                                "id": "securitycraft:keycard_lv5",
                                "Count": 1b,
                                "tag": {
                                    "ownerUUID": "47da7756-ea25-3804-ae35-d71d9aa0c67d",
                                    "ownerName": "reyflamagamer",
                                    "signature": 659,
                                    "linked": 1b
                                },
                                "Damage": 0s
                            },
                            {
                                "Slot": 1b,
                                "ForgeCaps": {
                                    "customnpcs:itemscripteddata": {
                                    }
                                },
                                "id": "hbm:battery_sc_uranium",
                                "Count": 1b,
                                "Damage": 0s
                            },
                            {
                                "Slot": 2b,
                                "ForgeCaps": {
                                    "customnpcs:itemscripteddata": {
                                    }
                                },
                                "id": "hbm:battery_sc_uranium",
                                "Count": 1b,
                                "Damage": 0s
                            },
                            {
                                "Slot": 3b,
                                "ForgeCaps": {
                                    "customnpcs:itemscripteddata": {
                                    }
                                },
                                "id": "hbm:machine_assembler",
                                "Count": 1b,
                                "Damage": 0s
                            },
                            {
                                "Slot": 4b,
                                "ForgeCaps": {
                                    "customnpcs:itemscripteddata": {
                                    }
                                },
                                "id": "minecraft:iron_ingot",
                                "Count": 30b,
                                "Damage": 0s
                            },
                            {
                                "Slot": 5b,
                                "ForgeCaps": {
                                    "customnpcs:itemscripteddata": {
                                    }
                                },
                                "id": "minecraft:log",
                                "Count": 59b,
                                "Damage": 0s
                            },
                            {
                                "Slot": 6b,
                                "ForgeCaps": {
                                    "customnpcs:itemscripteddata": {
                                    }
                                },
                                "id": "minecraft:log",
                                "Count": 14b,
                                "Damage": 0s
                            },
                            {
                                "Slot": 7b,
                                "ForgeCaps": {
                                    "customnpcs:itemscripteddata": {
                                    }
                                },
                                "id": "minecraft:log",
                                "Count": 17b,
                                "Damage": 3s
                            },
                            {
                                "Slot": 8b,
                                "ForgeCaps": {
                                    "customnpcs:itemscripteddata": {
                                    }
                                },
                                "id": "hbm:crate_weapon",
                                "Count": 64b,
                                "Damage": 0s
                            },
                            {
                                "Slot": 9b,
                                "ForgeCaps": {
                                    "customnpcs:itemscripteddata": {
                                    }
                                },
                                "id": "minecraft:planks",
                                "Count": 5b,
                                "Damage": 0s
                            },
                            {
                                "Slot": 10b,
                                "ForgeCaps": {
                                    "customnpcs:itemscripteddata": {
                                    }
                                },
                                "id": "hbm:crate_lead",
                                "Count": 64b,
                                "Damage": 0s
                            },
                            {
                                "Slot": 11b,
                                "ForgeCaps": {
                                    "customnpcs:itemscripteddata": {
                                    }
                                },
                                "id": "hbm:crate_metal",
                                "Count": 28b,
                                "Damage": 0s
                            },
                            {
                                "Slot": 12b,
                                "ForgeCaps": {
                                    "customnpcs:itemscripteddata": {
                                    }
                                },
                                "id": "hbm:ingot_aluminium",
                                "Count": 16b,
                                "Damage": 0s
                            },
                            {
                                "Slot": 13b,
                                "ForgeCaps": {
                                    "customnpcs:itemscripteddata": {
                                    }
                                },
                                "id": "hbm:ingot_tungsten",
                                "Count": 32b,
                                "Damage": 0s
                            },
                            {
                                "Slot": 14b,
                                "ForgeCaps": {
                                    "customnpcs:itemscripteddata": {
                                    }
                                },
                                "id": "hbm:alloy_axe",
                                "Count": 1b,
                                "tag": {
                                    "ability": 1
                                },
                                "Damage": 221s
                            },
                            {
                                "Slot": 15b,
                                "ForgeCaps": {
                                    "customnpcs:itemscripteddata": {
                                    }
                                },
                                "id": "hbm:ingot_polymer",
                                "Count": 32b,
                                "Damage": 0s
                            },
                            {
                                "Slot": 16b,
                                "ForgeCaps": {
                                    "customnpcs:itemscripteddata": {
                                    }
                                },
                                "id": "hbm:ingot_beryllium",
                                "Count": 32b,
                                "Damage": 0s
                            },
                            {
                                "Slot": 17b,
                                "ForgeCaps": {
                                    "customnpcs:itemscripteddata": {
                                    }
                                },
                                "id": "hbm:crowbar",
                                "Count": 1b,
                                "Damage": 0s
                            },
                            {
                                "Slot": 18b,
                                "ForgeCaps": {
                                    "customnpcs:itemscripteddata": {
                                    }
                                },
                                "id": "hbm:crate",
                                "Count": 26b,
                                "Damage": 0s
                            },
                            {
                                "Slot": 19b,
                                "ForgeCaps": {
                                    "customnpcs:itemscripteddata": {
                                    }
                                },
                                "id": "hbm:ingot_titanium",
                                "Count": 28b,
                                "Damage": 0s
                            },
                            {
                                "Slot": 20b,
                                "ForgeCaps": {
                                    "customnpcs:itemscripteddata": {
                                    }
                                },
                                "id": "hbm:ingot_advanced_alloy",
                                "Count": 16b,
                                "Damage": 0s
                            },
                            {
                                "Slot": 21b,
                                "ForgeCaps": {
                                    "customnpcs:itemscripteddata": {
                                    }
                                },
                                "id": "minecraft:torch",
                                "Count": 4b,
                                "Damage": 0s
                            },
                            {
                                "Slot": 22b,
                                "ForgeCaps": {
                                    "customnpcs:itemscripteddata": {
                                    }
                                },
                                "id": "hbm:ingot_steel",
                                "Count": 29b,
                                "Damage": 0s
                            },
                            {
                                "Slot": 23b,
                                "ForgeCaps": {
                                    "customnpcs:itemscripteddata": {
                                    }
                                },
                                "id": "hbm:alloy_pickaxe",
                                "Count": 1b,
                                "tag": {
                                    "ability": 0
                                },
                                "Damage": 112s
                            },
                            {
                                "Slot": 24b,
                                "ForgeCaps": {
                                    "customnpcs:itemscripteddata": {
                                    }
                                },
                                "id": "minecraft:arrow",
                                "Count": 1b,
                                "Damage": 0s
                            },
                            {
                                "Slot": 25b,
                                "ForgeCaps": {
                                    "customnpcs:itemscripteddata": {
                                    }
                                },
                                "id": "hbm:red_cable",
                                "Count": 55b,
                                "Damage": 0s
                            },
                            {
                                "Slot": 26b,
                                "ForgeCaps": {
                                    "customnpcs:itemscripteddata": {
                                    }
                                },
                                "id": "customnpcs:npcwand",
                                "Count": 1b,
                                "Damage": 0s
                            }
                        ]
                    },
                    "Slot": 0
                },
                {
                    "BankItems": {
                        "NpcMiscInv": [
                            {
                                "Slot": 9b,
                                "ForgeCaps": {
                                    "customnpcs:itemscripteddata": {
                                    }
                                },
                                "id": "hbm:alloy_shovel",
                                "Count": 1b,
                                "tag": {
                                    "ability": 0
                                },
                                "Damage": 53s
                            },
                            {
                                "Slot": 10b,
                                "ForgeCaps": {
                                    "customnpcs:itemscripteddata": {
                                    }
                                },
                                "id": "minecraft:sign",
                                "Count": 9b,
                                "Damage": 0s
                            },
                            {
                                "Slot": 11b,
                                "ForgeCaps": {
                                    "customnpcs:itemscripteddata": {
                                    }
                                },
                                "id": "minecraft:gold_ingot",
                                "Count": 23b,
                                "Damage": 0s
                            },
                            {
                                "Slot": 12b,
                                "ForgeCaps": {
                                    "customnpcs:itemscripteddata": {
                                    }
                                },
                                "id": "minecraft:cobblestone",
                                "Count": 5b,
                                "Damage": 0s
                            },
                            {
                                "Slot": 13b,
                                "ForgeCaps": {
                                    "customnpcs:itemscripteddata": {
                                    }
                                },
                                "id": "minecraft:cooked_beef",
                                "Count": 31b,
                                "Damage": 0s
                            }
                        ]
                    },
                    "Slot": 1
                },
                {
                    "BankItems": {
                        "NpcMiscInv": [
                            {
                                "Slot": 0b,
                                "ForgeCaps": {
                                    "customnpcs:itemscripteddata": {
                                    }
                                },
                                "id": "hbm:pellet_rtg",
                                "Count": 1b,
                                "tag": {
                                    "PELLET_DEPLETION": 1536504000L
                                },
                                "Damage": 0s
                            },
                            {
                                "Slot": 1b,
                                "ForgeCaps": {
                                    "customnpcs:itemscripteddata": {
                                    }
                                },
                                "id": "hbm:pellet_rtg",
                                "Count": 1b,
                                "tag": {
                                    "PELLET_DEPLETION": 1536504000L
                                },
                                "Damage": 0s
                            },
                            {
                                "Slot": 2b,
                                "ForgeCaps": {
                                    "customnpcs:itemscripteddata": {
                                    }
                                },
                                "id": "hbm:ingot_plutonium",
                                "Count": 64b,
                                "Damage": 0s
                            },
                            {
                                "Slot": 3b,
                                "ForgeCaps": {
                                    "customnpcs:itemscripteddata": {
                                    }
                                },
                                "id": "hbm:pellet_rtg",
                                "Count": 1b,
                                "tag": {
                                    "PELLET_DEPLETION": 1536504000L
                                },
                                "Damage": 0s
                            }
                        ]
                    },
                    "Slot": 2
                },
                {
                    "BankItems": {
                        "NpcMiscInv": [
                        ]
                    },
                    "Slot": 3
                },
                {
                    "BankItems": {
                        "NpcMiscInv": [
                        ]
                    },
                    "Slot": 4
                },
                {
                    "BankItems": {
                        "NpcMiscInv": [
                        ]
                    },
                    "Slot": 5
                }
            ],
            "UpdatedSlots": [
                {
                    "Slot": 0,
                    "Boolean": 0b
                },
                {
                    "Slot": 1,
                    "Boolean": 0b
                },
                {
                    "Slot": 2,
                    "Boolean": 0b
                },
                {
                    "Slot": 3,
                    "Boolean": 0b
                },
                {
                    "Slot": 4,
                    "Boolean": 0b
                },
                {
                    "Slot": 5,
                    "Boolean": 0b
                }
            ],
            "DataBankId": 0,
            "UnlockedSlots": 3
        }
    ],
    "ItemGiversList": [
    ],
    "QuestData": {
        "CompletedQuests": [
        ],
        "ActiveQuests": [
        ]
    },
    "PlayerCompanionId": 0,
    "DialogData": [
    ],
    "ItemGiverChained": [
    ],
    "MailData": [
    ],
    "PlayerName": "reyflamagamer",
    "UUID": "47da7756-ea25-3804-ae35-d71d9aa0c67d",
    "ScriptStoreddata": {
    }
}
