{
    "TransportData": [
    ],
    "NpcsTimers": [
    ],
    "FactionData": [
        {
            "Points": 2000,
            "Faction": 0
        },
        {
            "Points": 1000,
            "Faction": 3
        }
    ],
    "BankData": [
    ],
    "ItemGiversList": [
    ],
    "QuestData": {
        "CompletedQuests": [
        ],
        "ActiveQuests": [
        ]
    },
    "PlayerCompanionId": 0,
    "DialogData": [
    ],
    "ItemGiverChained": [
    ],
    "MailData": [
        {
            "Sender": "reyflamagamer",
            "BeenRead": 1b,
            "Message": {
                "pages": [
                    "te regalo una bomba nuclear ^^"
                ]
            },
            "MailItems": [
            ],
            "MailQuest": -1,
            "TimePast": 45206492L,
            "Time": 1719199891382L,
            "Subject": "BOMBA A CASITA PAPU"
        }
    ],
    "PlayerName": "reyflamagamer",
    "UUID": "47da7756-ea25-3804-ae35-d71d9aa0c67d",
    "ScriptStoreddata": {
    }
}
