{
    "CompleterNpc": "eduardinho el constructor",
    "NextQuestId": -1,
    "RandomReward": 0b,
    "QuestRepeat": 1,
    "QuestCompletion": 1,
    "IgnoreNBT": 0b,
    "Title": "busca y recolecta",
    "Text": "",
    "QuestFactionPoints": {
        "DecreaseFaction1Points": 0b,
        "OptionFaction2Points": 100,
        "OptionFactions1": 3,
        "OptionFactions2": -1,
        "OptionFaction1Points": 10,
        "DecreaseFaction2Points": 0b
    },
    "RewardExp": 10,
    "QuestCommand": "",
    "ModRev": 18,
    "Type": 0,
    "QuestMail": {
        "Sender": "",
        "BeenRead": 0b,
        "Message": {
        },
        "MailItems": [
        ],
        "MailQuest": -1,
        "TimePast": 1719203667379L,
        "Time": 0L,
        "Subject": ""
    },
    "IgnoreDamage": 0b,
    "Rewards": {
        "NpcMiscInv": [
            {
                "Slot": 4b,
                "ForgeCaps": {
                    "customnpcs:itemscripteddata": {
                    }
                },
                "id": "minecraft:diamond",
                "Count": 1b,
                "Damage": 0s
            }
        ]
    },
    "Items": {
        "NpcMiscInv": [
        ]
    },
    "LeaveItems": 0b,
    "CompleteText": "perfecto. buen dia! y recibe este diamante :D",
    "NextQuestTitle": ""
}
