{"stat.chestOpened":9,"stat.pickup.hbm.crate":27,"stat.pickup.hbm.ingot_tungsten":32,"stat.walkOneCm":44949,"stat.pickup.hbm.ingot_beryllium":32,"stat.pickup.hbm.clip_uzi":1,"stat.drop.hbm.assembly_template":1,"stat.pickup.hbm.crowbar":1,"stat.pickup.hbm.ingot_polymer":32,"stat.pickup.hbm.ingot_steel":32,"stat.damageTaken":10,"stat.pickup.hbm.ingot_aluminium":32,"stat.pickup.minecraft.cobblestone":1,"stat.pickup.hbm.ingot_advanced_alloy":29,"stat.mineBlock.minecraft.log":1,"stat.pickup.minecraft.dye":64,"stat.pickup.hbm.clip_revolver_lead":1,"stat.pickup.hbm.ammo_container":1,"stat.flyOneCm":80,"stat.drop":1,"stat.jump":40,"stat.swimOneCm":196,"stat.mineBlock.minecraft.leaves":1,"stat.pickup.hbm.ingot_titanium":32,"stat.playOneMinute":16406,"stat.pickup.minecraft.coal":14,"stat.pickup.minecraft.iron_ingot":31,"stat.fallOneCm":269,"stat.pickup.hbm.clip_revolver":1,"stat.sneakTime":286,"stat.pickup.hbm.template_folder":1,"stat.crouchOneCm":877,"stat.pickup.hbm.crate_metal":29,"stat.useItem.hbm.crate":2,"stat.timeSinceDeath":16406,"stat.pickup.hbm.clip_mp40":1,"stat.sprintOneCm":789,"stat.pickup.minecraft.paper":64,"stat.diveOneCm":234,"stat.pickup.minecraft.gold_ingot":32,"stat.craftingTableInteraction":1}