{"stat.chestOpened":17,"stat.pickup.hbm.crate":27,"stat.walkOneCm":91533,"stat.pickup.hbm.ingot_beryllium":32,"stat.pickup.minecraft.stick":6,"stat.furnaceInteraction":1,"stat.pickup.hbm.clip_revolver_lead":1,"stat.pickup.hbm.ammo_container":1,"stat.pickup.minecraft.log":17,"stat.pickup.hbm.stamp_desh_plate":1,"stat.swimOneCm":388,"stat.jump":99,"stat.pickup.hbm.ingot_titanium":32,"stat.pickup.minecraft.coal":14,"stat.fallOneCm":954,"stat.pickup.minecraft.iron_ingot":31,"stat.craftItem.hbm.steel_helmet":1,"stat.climbOneCm":232,"stat.pickup.hbm.template_folder":1,"stat.crouchOneCm":1671,"stat.pickup.hbm.crate_metal":29,"stat.useItem.hbm.crate":2,"stat.sprintOneCm":8383,"stat.pickup.minecraft.paper":64,"stat.pickup.minecraft.cooked_beef":32,"stat.craftItem.minecraft.stick":8,"stat.pickup.minecraft.gold_ingot":32,"stat.craftingTableInteraction":9,"stat.pickup.hbm.ingot_tungsten":32,"stat.pickup.hbm.clip_uzi":1,"stat.craftItem.minecraft.planks":4,"stat.drop.hbm.assembly_template":1,"stat.pickup.hbm.crowbar":1,"stat.pickup.hbm.ingot_polymer":32,"stat.pickup.hbm.ingot_steel":32,"stat.damageTaken":10,"stat.pickup.hbm.ingot_aluminium":32,"stat.pickup.minecraft.cobblestone":1,"stat.pickup.hbm.ingot_advanced_alloy":29,"stat.mineBlock.minecraft.log":1,"stat.pickup.minecraft.dye":64,"stat.flyOneCm":4022,"stat.drop":2,"stat.pickup.minecraft.wheat_seeds":1,"stat.mineBlock.minecraft.leaves":1,"stat.craftItem.hbm.steel_axe":1,"stat.playOneMinute":28106,"stat.drop.minecraft.wheat_seeds":1,"stat.pickup.hbm.clip_revolver":1,"stat.sneakTime":380,"stat.craftItem.minecraft.iron_pickaxe":1,"stat.timeSinceDeath":28106,"stat.pickup.hbm.clip_mp40":1,"stat.mineBlock.minecraft.tallgrass":4,"stat.diveOneCm":1246}