{"stat.chestOpened":3,"stat.craftItem.hbm.alloy_pickaxe":1,"stat.pickup.hbm.crate":64,"stat.walkOneCm":44119,"stat.useItem.minecraft.torch":4,"stat.pickup.hbm.bottle_cherry":1,"stat.leaveGame":1,"stat.pickup.hbm.deco_steel":64,"stat.useItem.minecraft.log":18,"stat.craftItem.minecraft.crafting_table":1,"stat.furnaceInteraction":5,"stat.craftItem.minecraft.coal":1,"stat.pickup.minecraft.log":30,"stat.useItem.hbm.alloy_axe":59,"stat.jump":246,"stat.useItem.hbm.crate_metal":40,"stat.pickup.minecraft.iron_ingot":2,"stat.fallOneCm":1858,"stat.useItem.minecraft.planks":23,"stat.craftItem.hbm.alloy_axe":1,"stat.pickup.hbm.coil_copper":1,"stat.pickup.minecraft.stone":21,"stat.crouchOneCm":2610,"stat.pickup.hbm.crate_metal":64,"stat.useItem.hbm.alloy_pickaxe":71,"stat.craftItem.minecraft.torch":4,"stat.pickup.minecraft.sapling":8,"stat.pickup.minecraft.dirt":31,"stat.sprintOneCm":22907,"stat.useItem.minecraft.stone_slab2":6,"stat.pickup.hbm.machine_reactor":1,"stat.pickup.minecraft.skull":1,"stat.craftItem.minecraft.stick":8,"stat.craftingTableInteraction":9,"stat.craftItem.minecraft.furnace":1,"stat.pickup.hbm.bottle_nuka":1,"stat.damageTaken":30,"stat.pickup.minecraft.bread":3,"stat.mineBlock.minecraft.torch":1,"stat.mobKills":1,"stat.pickup.minecraft.cobblestone":38,"stat.pickup.hbm.cap_nuka":7,"stat.mineBlock.minecraft.log":30,"stat.pickup.hbm.gun_revolver":1,"stat.pickup.hbm.gun_revolver_ammo":3,"stat.pickup.minecraft.planks":12,"stat.flyOneCm":128803,"stat.mineBlock.minecraft.planks":20,"stat.pickup.hbm.crate_lead":128,"stat.drop":2,"stat.pickup.minecraft.egg":2,"stat.mineBlock.minecraft.leaves":1,"stat.playOneMinute":26579,"stat.pickup.hbm.primer_50":7,"stat.pickup.minecraft.torch":3,"stat.sneakTime":1120,"stat.pickup.hbm.crate_weapon":64,"stat.damageDealt":159,"stat.killEntity.Zombie":1,"stat.timeSinceDeath":26579,"stat.drop.minecraft.torch":2,"stat.mineBlock.minecraft.dirt":25,"stat.mineBlock.minecraft.stone":52}