{"stat.walkOneCm":162585,"stat.pickup.hbm.silo_hatch":5,"stat.pickup.extrautils2.machine":1,"stat.useItem.opencomputers.misc":4,"stat.pickup.hbm.reinforced_brick":1,"stat.pickup.hbm.fluid_barrel_full":126,"stat.leaveGame":4,"stat.pickup.hbm.missile_custom":1,"stat.pickup.opencomputers.microcontroller":5,"stat.drop.hbm.reinforced_brick":1,"stat.useItem.hbm.silo_hatch":2,"stat.jump":500,"stat.swimOneCm":1398,"stat.climbOneCm":18547,"stat.crouchOneCm":373,"stat.sprintOneCm":78789,"stat.useItem.minecraft.stone_slab2":858,"stat.pickup.opencomputers.keyboard":1,"stat.pickup.opencomputers.diskdrive":1,"stat.useItem.opencomputers.tool":5,"stat.flyOneCm":720525,"stat.pickup.minecraft.lever":1,"stat.drop":1,"stat.pickup.minecraft.egg":2,"stat.playOneMinute":220273,"stat.pickup.opencomputers.case3":1,"stat.pickup.hbm.battery_sc_electronium":3,"stat.sneakTime":907,"stat.damageDealt":28,"stat.pickup.minecraft.redstone":2,"stat.timeSinceDeath":220273,"stat.useItem.opencomputers.keyboard":1}