{"stat.chestOpened":5,"stat.walkOneCm":42594,"stat.useItem.minecraft.torch":6,"stat.useItem.minecraft.chest":1,"stat.pickup.minecraft.stick":2,"stat.leaveGame":1,"stat.useItem.hbm.machine_difurnace_off":2,"stat.useItem.minecraft.cobblestone":29,"stat.useItem.hbm.steel_sword":16,"stat.craftItem.minecraft.crafting_table":1,"stat.furnaceInteraction":4,"stat.craftItem.minecraft.coal":2,"stat.pickup.minecraft.log":33,"stat.jump":96,"stat.swimOneCm":4874,"stat.fallOneCm":629,"stat.useItem.minecraft.planks":69,"stat.crouchOneCm":1,"stat.enderchestOpened":2,"stat.mineBlock.minecraft.chest":2,"stat.craftItem.minecraft.chest":3,"stat.craftItem.minecraft.torch":8,"stat.pickup.minecraft.sapling":1,"stat.killEntity.Squid":3,"stat.pickup.minecraft.dirt":245,"stat.useItem.minecraft.dirt":2,"stat.sprintOneCm":18767,"stat.useItem.minecraft.stone_slab2":14,"stat.pickup.minecraft.ender_chest":1,"stat.craftItem.minecraft.stick":12,"stat.useItem.hbm.machine_centrifuge":1,"stat.craftingTableInteraction":10,"stat.craftItem.hbm.steel_sword":1,"stat.craftItem.minecraft.furnace":1,"stat.useItem.hbm.steel_shovel":113,"stat.craftItem.minecraft.planks":120,"stat.useItem.hbm.machine_assembler":1,"stat.mineBlock.minecraft.torch":1,"stat.pickup.minecraft.cobblestone":42,"stat.mobKills":3,"stat.mineBlock.minecraft.log":33,"stat.pickup.minecraft.dye":4,"stat.pickup.minecraft.planks":1,"stat.useItem.hbm.steel_pickaxe":43,"stat.pickup.minecraft.reeds":8,"stat.flyOneCm":75188,"stat.mineBlock.minecraft.planks":1,"stat.drop":1,"stat.craftItem.hbm.steel_axe":1,"stat.mineBlock.minecraft.leaves":10,"stat.useItem.hbm.steel_axe":40,"stat.craftItem.minecraft.paper":6,"stat.playOneMinute":26190,"stat.pickup.minecraft.torch":1,"stat.sneakTime":89,"stat.craftItem.hbm.steel_shovel":1,"stat.useItem.hbm.machine_gascent":1,"stat.damageDealt":300,"stat.timeSinceDeath":26190,"stat.mineBlock.minecraft.dirt":113,"stat.craftItem.hbm.steel_pickaxe":1,"stat.mineBlock.minecraft.stone":42,"stat.mineBlock.minecraft.tallgrass":1,"stat.diveOneCm":2279,"stat.pickup.minecraft.chest":2,"stat.drop.minecraft.stick":1}