{"stat.chestOpened":2,"stat.craftItem.hbm.steel_sword":1,"stat.craftItem.minecraft.furnace":1,"stat.walkOneCm":20649,"stat.useItem.hbm.steel_shovel":113,"stat.craftItem.minecraft.planks":80,"stat.leaveGame":1,"stat.craftItem.minecraft.crafting_table":1,"stat.furnaceInteraction":2,"stat.pickup.minecraft.cobblestone":18,"stat.mineBlock.minecraft.log":22,"stat.useItem.hbm.steel_pickaxe":21,"stat.pickup.minecraft.log":22,"stat.flyOneCm":70818,"stat.drop":1,"stat.jump":34,"stat.mineBlock.minecraft.leaves":10,"stat.craftItem.hbm.steel_axe":1,"stat.swimOneCm":228,"stat.useItem.hbm.steel_axe":27,"stat.playOneMinute":13590,"stat.fallOneCm":211,"stat.sneakTime":83,"stat.craftItem.hbm.steel_shovel":1,"stat.crouchOneCm":1,"stat.enderchestOpened":2,"stat.mineBlock.minecraft.chest":2,"stat.timeSinceDeath":13590,"stat.craftItem.minecraft.chest":1,"stat.pickup.minecraft.sapling":1,"stat.pickup.minecraft.dirt":191,"stat.useItem.minecraft.dirt":2,"stat.sprintOneCm":7402,"stat.mineBlock.minecraft.dirt":113,"stat.pickup.minecraft.ender_chest":1,"stat.useItem.minecraft.stone_slab2":10,"stat.craftItem.hbm.steel_pickaxe":1,"stat.mineBlock.minecraft.stone":20,"stat.mineBlock.minecraft.tallgrass":1,"stat.craftItem.minecraft.stick":8,"stat.pickup.minecraft.chest":2,"stat.craftingTableInteraction":4,"stat.drop.minecraft.stick":1}