{"stat.walkOneCm":171587,"stat.pickup.hbm.silo_hatch":5,"stat.pickup.extrautils2.machine":1,"stat.useItem.opencomputers.misc":4,"stat.pickup.hbm.reinforced_brick":1,"stat.pickup.hbm.fluid_barrel_full":126,"stat.leaveGame":4,"stat.pickup.hbm.missile_custom":1,"stat.pickup.opencomputers.microcontroller":5,"stat.drop.hbm.reinforced_brick":1,"stat.useItem.hbm.silo_hatch":2,"stat.jump":524,"stat.swimOneCm":1398,"stat.climbOneCm":20287,"stat.pickup.opencomputers.storage":1,"stat.crouchOneCm":659,"stat.sprintOneCm":82283,"stat.useItem.minecraft.stone_slab2":865,"stat.pickup.opencomputers.keyboard":1,"stat.pickup.opencomputers.diskdrive":1,"stat.useItem.opencomputers.tool":8,"stat.flyOneCm":725265,"stat.pickup.minecraft.lever":1,"stat.drop":1,"stat.pickup.minecraft.egg":2,"stat.playOneMinute":232873,"stat.pickup.opencomputers.case3":1,"stat.pickup.hbm.battery_sc_electronium":3,"stat.sneakTime":1162,"stat.damageDealt":28,"stat.pickup.minecraft.redstone":2,"stat.timeSinceDeath":232873,"stat.useItem.opencomputers.keyboard":1}