{"stat.chestOpened":7,"stat.walkOneCm":79561,"stat.drop.minecraft.paper":36,"stat.useItem.minecraft.torch":8,"stat.useItem.minecraft.chest":1,"stat.pickup.minecraft.stick":2,"stat.leaveGame":1,"stat.useItem.hbm.machine_difurnace_off":2,"stat.useItem.minecraft.cobblestone":29,"stat.useItem.hbm.steel_sword":29,"stat.craftItem.minecraft.crafting_table":1,"stat.furnaceInteraction":4,"stat.drop.minecraft.wool":2,"stat.craftItem.minecraft.coal":2,"stat.pickup.minecraft.log":33,"stat.useItem.minecraft.mutton":3,"stat.jump":326,"stat.swimOneCm":12090,"stat.fallOneCm":6842,"stat.useItem.minecraft.planks":69,"stat.pickup.minecraft.stone":8,"stat.crouchOneCm":206,"stat.enderchestOpened":2,"stat.mineBlock.minecraft.chest":2,"stat.craftItem.minecraft.chest":3,"stat.craftItem.minecraft.torch":8,"stat.pickup.minecraft.sapling":1,"stat.killEntity.Squid":3,"stat.pickup.minecraft.dirt":245,"stat.useItem.minecraft.dirt":2,"stat.sprintOneCm":77307,"stat.pickup.minecraft.paper":54,"stat.useItem.minecraft.stone_slab2":17,"stat.pickup.minecraft.ender_chest":1,"stat.craftItem.minecraft.stick":12,"stat.useItem.hbm.machine_centrifuge":1,"stat.craftingTableInteraction":10,"stat.craftItem.hbm.steel_sword":1,"stat.killEntity.Skeleton":1,"stat.craftItem.minecraft.furnace":1,"stat.useItem.hbm.steel_shovel":113,"stat.craftItem.minecraft.planks":120,"stat.useItem.hbm.machine_assembler":1,"stat.damageTaken":86,"stat.mineBlock.minecraft.torch":1,"stat.useItem.minecraft.reeds":4,"stat.pickup.minecraft.cobblestone":42,"stat.mobKills":6,"stat.mineBlock.minecraft.log":33,"stat.pickup.minecraft.dye":4,"stat.pickup.minecraft.planks":1,"stat.useItem.hbm.steel_pickaxe":52,"stat.pickup.minecraft.reeds":22,"stat.flyOneCm":115338,"stat.mineBlock.minecraft.planks":1,"stat.drop":42,"stat.pickup.minecraft.wheat_seeds":2,"stat.craftItem.hbm.steel_axe":1,"stat.mineBlock.minecraft.leaves":10,"stat.useItem.hbm.steel_axe":44,"stat.craftItem.minecraft.paper":6,"stat.playOneMinute":37890,"stat.pickup.minecraft.torch":1,"stat.killEntity.Sheep":2,"stat.sneakTime":130,"stat.craftItem.hbm.steel_shovel":1,"stat.pickup.minecraft.wool":2,"stat.useItem.hbm.machine_gascent":1,"stat.damageDealt":650,"stat.timeSinceDeath":37890,"stat.mineBlock.minecraft.dirt":113,"stat.craftItem.hbm.steel_pickaxe":1,"stat.mineBlock.minecraft.stone":50,"stat.drop.minecraft.reeds":3,"stat.mineBlock.minecraft.tallgrass":3,"stat.diveOneCm":3185,"stat.pickup.minecraft.mutton":3,"stat.pickup.minecraft.chest":2,"stat.drop.minecraft.stick":1}