{"stat.pickup.hbm.crate":320,"stat.pickup.minecraft.bone":22,"stat.pickup.hbm.ingot_copper":128,"stat.pickup.hbm.alloy_axe":2,"stat.leaveGame":6,"stat.useItem.hbm.radx":3,"stat.useItem.minecraft.skull":7,"stat.useItem.hbm.alloy_axe":99,"stat.pickup.hbm.machine_assembler":15,"stat.swimOneCm":712,"stat.pickup.hbm.ingot_titanium":128,"stat.useItem.minecraft.planks":61,"stat.pickup.hbm.ore_aluminium":2,"stat.pickup.hbm.crate_metal":240,"stat.useItem.hbm.alloy_pickaxe":275,"stat.useItem.minecraft.stone_slab2":31,"stat.pickup.hbm.machine_reactor":4,"stat.pickup.hbm.inf_water":2,"stat.pickup.minecraft.rotten_flesh":39,"stat.craftItem.minecraft.furnace":1,"stat.pickup.minecraft.cobblestone":201,"stat.pickup.hbm.motor":3,"stat.pickup.hbm.gun_revolver":1,"stat.pickup.hbm.gun_revolver_ammo":3,"stat.flyOneCm":256659,"stat.pickup.hbm.primer_50":7,"stat.mineBlock.minecraft.iron_ore":17,"stat.timeSinceDeath":23454,"stat.pickup.hbm.fluid_duct_mk2":1,"stat.pickup.hbm.radx":61,"stat.useItem.hbm.machine_lithium_battery":1,"stat.craftItem.hbm.alloy_pickaxe":1,"stat.pickup.hbm.machine_nuke_furnace_off":1,"stat.useItem.hbm.machine_coal_off":4,"stat.furnaceInteraction":18,"stat.pickup.hbm.tank_steel":2,"stat.killEntity.ZombieVillager":1,"stat.pickup.hbm.alloy_pickaxe":2,"stat.pickup.hbm.ingot_red_copper":128,"stat.pickup.hbm.coil_copper":5,"stat.pickup.hbm.geiger_counter":1,"stat.sprintOneCm":103499,"stat.pickup.minecraft.skull":12,"stat.craftItem.minecraft.stick":8,"stat.pickup.hbm.ingot_tungsten":128,"stat.mineBlock.hbm.ore_gneiss_copper":8,"stat.useItem.hbm.absorber_pink":1,"stat.pickup.hbm.machine_electric_furnace_off":1,"stat.pickup.hbm.absorber_pink":63,"stat.entityKilledBy.Creeper":1,"stat.mineBlock.hbm.ore_fluorite":2,"stat.mineBlock.minecraft.planks":20,"stat.deaths":2,"stat.drop":8,"stat.pickup.hbm.machine_lithium_battery":2,"stat.pickup.minecraft.egg":9,"stat.playOneMinute":68665,"stat.pickup.hbm.machine_fluidtank":1,"stat.killEntity.Zombie":6,"stat.useItem.hbm.crowbar":6,"stat.drop.minecraft.torch":2,"stat.pickup.hbm.ore_gneiss_copper":16,"stat.chestOpened":11,"stat.pickup.hbm.fluorite":4,"stat.pickup.hbm.red_pylon":5,"stat.useItem.minecraft.chicken":2,"stat.craftItem.minecraft.coal":10,"stat.jump":924,"stat.useItem.hbm.crate_metal":40,"stat.pickup.minecraft.coal":14,"stat.pickup.minecraft.cooked_chicken":2,"stat.pickup.minecraft.iron_ingot":3,"stat.fallOneCm":19107,"stat.crouchOneCm":5658,"stat.craftItem.minecraft.torch":12,"stat.craftItem.minecraft.chest":1,"stat.pickup.minecraft.dirt":42,"stat.mineBlock.hbm.ore_aluminium":4,"stat.useItem.minecraft.cooked_chicken":4,"stat.craftingTableInteraction":15,"stat.pickup.minecraft.iron_ore":51,"stat.pickup.hbm.blade_titanium":2,"stat.damageTaken":720,"stat.pickup.minecraft.feather":10,"stat.mineBlock.minecraft.torch":2,"stat.pickup.hbm.piston_selenium":3,"stat.useItem.hbm.red_cable":5,"stat.pickup.hbm.ingot_advanced_alloy":116,"stat.pickup.hbm.cap_nuka":7,"stat.pickup.minecraft.planks":264,"stat.entityKilledBy.Zombie":1,"stat.pickup.hbm.crate_weapon":320,"stat.damageDealt":1849,"stat.killEntity.Rabbit":1,"stat.mineBlock.minecraft.dirt":36,"stat.walkOneCm":140996,"stat.pickup.hbm.ingot_beryllium":64,"stat.useItem.minecraft.torch":12,"stat.pickup.hbm.machine_battery":3,"stat.pickup.hbm.bottle_cherry":1,"stat.drop.minecraft.rotten_flesh":6,"stat.pickup.hbm.deco_steel":64,"stat.useItem.minecraft.log":22,"stat.craftItem.minecraft.crafting_table":1,"stat.pickup.hbm.machine_selenium":2,"stat.mineBlock.hbm.fluid_duct_mk2":1,"stat.pickup.minecraft.log":40,"stat.craftItem.hbm.alloy_axe":1,"stat.pickup.minecraft.stone":57,"stat.pickup.minecraft.chicken":10,"stat.pickup.minecraft.sapling":8,"stat.pickup.minecraft.gold_ingot":128,"stat.pickup.hbm.bottle_nuka":1,"stat.pickup.hbm.photo_panel":1,"stat.killEntity.Chicken":10,"stat.pickup.hbm.crowbar":2,"stat.useItem.hbm.decon":1,"stat.pickup.hbm.ingot_steel":128,"stat.pickup.minecraft.bread":3,"stat.mobKills":18,"stat.mineBlock.minecraft.log":40,"stat.craftItem.minecraft.cooked_chicken":8,"stat.pickup.hbm.machine_diesel":6,"stat.pickup.hbm.crate_lead":384,"stat.pickup.hbm.machine_coal_off":5,"stat.mineBlock.minecraft.leaves":1,"stat.pickup.minecraft.torch":10,"stat.sneakTime":1915,"stat.useItem.hbm.machine_diesel":3,"stat.pickup.hbm.machine_rtg_grey":9,"stat.pickup.hbm.decon":63,"stat.pickup.hbm.machine_difurnace_off":1,"stat.mineBlock.minecraft.stone":205}