{"stat.pickup.minecraft.log":3,"stat.flyOneCm":5586,"stat.walkOneCm":10321,"stat.drop":1,"stat.jump":75,"stat.mineBlock.minecraft.leaves":1,"stat.playOneMinute":20387,"stat.fallOneCm":2435,"stat.craftItem.minecraft.planks":12,"stat.leaveGame":4,"stat.sneakTime":26,"stat.pickup.minecraft.wooden_pickaxe":1,"stat.damageTaken":70,"stat.furnaceInteraction":2,"stat.crouchOneCm":60,"stat.timeSinceDeath":20387,"stat.drop.hbm.ingot_biorubber":1,"stat.useItem.minecraft.wooden_pickaxe":6,"stat.sprintOneCm":5989,"stat.pickup.minecraft.cobblestone":6,"stat.mineBlock.minecraft.stone":6,"stat.craftItem.hbm.ingot_biorubber":1}