{"stat.craftItem.hbm.alloy_pickaxe":1,"stat.pickup.hbm.crate":64,"stat.pickup.hbm.ingot_beryllium":64,"stat.walkOneCm":61603,"stat.pickup.vehicle.vehicle_crate":4,"stat.pickup.minecraft.bone":2,"stat.useItem.minecraft.torch":7,"stat.pickup.hbm.ingot_copper":64,"stat.playerKills":1,"stat.pickup.hbm.alloy_axe":1,"stat.leaveGame":6,"stat.drop.minecraft.rotten_flesh":3,"stat.useItem.hbm.alloy_sword":34,"stat.pickup.minecraft.arrow":1,"stat.mineBlock.minecraft.cobblestone":2,"stat.useItem.minecraft.cobblestone":7,"stat.furnaceInteraction":2,"stat.pickup.hbm.tank_steel":1,"stat.mineBlock.minecraft.double_plant":1,"stat.useItem.minecraft.skull":2,"stat.mineBlock.minecraft.coal_ore":25,"stat.pickup.hbm.ingot_red_copper":64,"stat.pickup.minecraft.log":2,"stat.useItem.hbm.alloy_axe":32,"stat.useItem.minecraft.rotten_flesh":10,"stat.jump":193,"stat.pickup.hbm.ingot_titanium":64,"stat.pickup.minecraft.coal":22,"stat.fallOneCm":1991,"stat.pickup.minecraft.iron_ingot":64,"stat.craftItem.hbm.alloy_axe":1,"stat.craftItem.minecraft.stone_slab2":0,"stat.crouchOneCm":3217,"stat.pickup.hbm.crate_metal":64,"stat.pickup.minecraft.chicken":1,"stat.useItem.hbm.alloy_pickaxe":75,"stat.craftItem.minecraft.torch":16,"stat.pickup.minecraft.dirt":35,"stat.useItem.minecraft.coal_ore":1,"stat.useItem.minecraft.dirt":32,"stat.sprintOneCm":9867,"stat.pickup.hbm.hazmat_kit":1,"stat.useItem.minecraft.stone_slab2":7,"stat.pickup.hbm.machine_reactor":2,"stat.pickup.minecraft.skull":4,"stat.craftItem.minecraft.stick":12,"stat.useItem.minecraft.cooked_chicken":1,"stat.pickup.minecraft.gold_ingot":64,"stat.craftingTableInteraction":5,"stat.pickup.minecraft.rotten_flesh":24,"stat.useItem.hbm.alloy_shovel":14,"stat.killEntity.Skeleton":1,"stat.pickup.hbm.ingot_tungsten":64,"stat.craftItem.minecraft.furnace":1,"stat.craftItem.minecraft.planks":8,"stat.pickup.hbm.crowbar":1,"stat.killEntity.Chicken":1,"stat.craftItem.hbm.alloy_sword":1,"stat.pickup.hbm.ingot_steel":128,"stat.damageTaken":277,"stat.pickup.minecraft.feather":1,"stat.killEntity.Spider":1,"stat.drop.minecraft.bone":2,"stat.pickup.minecraft.coal_ore":2,"stat.pickup.hbm.ingot_aluminium":64,"stat.mobKills":11,"stat.pickup.minecraft.cobblestone":36,"stat.pickup.hbm.ingot_advanced_alloy":137,"stat.craftItem.minecraft.cooked_chicken":1,"stat.flyOneCm":10843,"stat.pickup.hbm.crate_lead":64,"stat.pickup.hbm.machine_coal_off":1,"stat.craftItem.hbm.alloy_shovel":1,"stat.pickup.minecraft.wheat_seeds":1,"stat.drop":15,"stat.pickup.minecraft.egg":1,"stat.playOneMinute":28604,"stat.drop.minecraft.wheat_seeds":1,"stat.sneakTime":950,"stat.pickup.hbm.crate_weapon":128,"stat.drop.hbm.ingot_advanced_alloy":8,"stat.damageDealt":1949,"stat.killEntity.Zombie":8,"stat.timeSinceDeath":28604,"stat.mineBlock.minecraft.dirt":14,"stat.mineBlock.minecraft.stone":26,"stat.mineBlock.minecraft.tallgrass":9,"stat.drop.minecraft.stick":1}