{"stat.pickup.minecraft.reeds":26,"stat.pickup.minecraft.log":18,"stat.flyOneCm":60807,"stat.deaths":1,"stat.walkOneCm":23025,"stat.jump":393,"stat.mineBlock.minecraft.leaves":2,"stat.swimOneCm":1096,"stat.playOneMinute":12211,"stat.fallOneCm":16907,"stat.leaveGame":3,"stat.sneakTime":173,"stat.damageTaken":360,"stat.crouchOneCm":11,"stat.timeSinceDeath":4626,"stat.pickup.minecraft.sapling":1,"stat.sprintOneCm":55985,"stat.useItem.minecraft.stone_slab2":1,"stat.mineBlock.minecraft.log":12,"stat.mineBlock.minecraft.tallgrass":2,"stat.diveOneCm":783}