{"stat.pickup.minecraft.bone":2,"stat.pickup.hbm.alloy_axe":1,"stat.pickup.hbm.machine_gascent":1,"stat.pickup.hbm.machine_radgen":4,"stat.leaveGame":1,"stat.mineBlock.minecraft.cobblestone":33,"stat.useItem.hbm.machine_difurnace_off":9,"stat.useItem.hbm.alloy_axe":219,"stat.pickup.hbm.machine_assembler":15,"stat.swimOneCm":3511,"stat.drop.hbm.alloy_axe":1,"stat.climbOneCm":8808,"stat.useItem.minecraft.planks":175,"stat.useItem.hbm.alloy_pickaxe":119,"stat.useItem.minecraft.dirt":47,"stat.useItem.minecraft.stone_slab2":171,"stat.pickup.minecraft.rotten_flesh":6,"stat.pickup.minecraft.sand":7,"stat.craftItem.minecraft.furnace":1,"stat.useItem.hbm.machine_assembler":13,"stat.drop.hbm.template_folder":1,"stat.pickup.minecraft.cobblestone":81,"stat.useItem.hbm.machine_fluidtank":2,"stat.pickup.hbm.motor":2,"stat.pickup.hbm.brick_concrete":6,"stat.flyOneCm":438915,"stat.mineBlock.minecraft.sand":7,"stat.useItem.minecraft.cooked_beef":2,"stat.timeSinceDeath":165234,"stat.drop.minecraft.log":11,"stat.useItem.minecraft.sign":3,"stat.pickup.minecraft.mutton":2,"stat.craftItem.hbm.alloy_pickaxe":1,"stat.pickup.hbm.grenade_strong":2,"stat.useItem.minecraft.lever":2,"stat.useItem.hbm.machine_coal_off":1,"stat.killEntity.entity_fucc_a_ducc":1,"stat.mineBlock.minecraft.vine":6,"stat.useItem.hbm.ducrete_brick":41,"stat.furnaceInteraction":10,"stat.mineBlock.hbm.red_cable":5,"stat.pickup.hbm.tank_steel":2,"stat.mineBlock.hbm.brick_concrete":6,"stat.drop.hbm.machine_assembler":1,"stat.useItem.minecraft.cooked_mutton":2,"stat.pickup.hbm.coil_copper":1,"stat.sprintOneCm":208770,"stat.pickup.minecraft.skull":1,"stat.craftItem.minecraft.stick":16,"stat.useItem.hbm.alloy_shovel":60,"stat.mineBlock.minecraft.crafting_table":1,"stat.mineBlock.minecraft.planks":26,"stat.pickup.hbm.machine_lithium_battery":2,"stat.drop":15,"stat.playOneMinute":165234,"stat.pickup.hbm.clip_revolver":2,"stat.killEntity.Sheep":1,"stat.pickup.hbm.machine_fluidtank":2,"stat.useItem.hbm.machine_gascent":4,"stat.useItem.hbm.sliding_gate_door":1,"stat.craftItem.minecraft.cooked_mutton":2,"stat.mineBlock.minecraft.tallgrass":4,"stat.diveOneCm":8287,"stat.chestOpened":17,"stat.craftItem.minecraft.sign":12,"stat.drop.hbm.machine_gascent":1,"stat.pickup.minecraft.arrow":1,"stat.pickup.hbm.red_pylon":2,"stat.craftItem.minecraft.coal":19,"stat.jump":990,"stat.useItem.hbm.crate_metal":7,"stat.pickup.minecraft.iron_ingot":64,"stat.fallOneCm":12429,"stat.crouchOneCm":6253,"stat.craftItem.minecraft.chest":1,"stat.craftItem.minecraft.torch":16,"stat.useItem.hbm.brick_concrete":128,"stat.pickup.minecraft.dirt":48,"stat.pickup.hbm.machine_press":5,"stat.useItem.minecraft.cooked_chicken":1,"stat.useItem.hbm.machine_centrifuge":2,"stat.craftingTableInteraction":29,"stat.pickup.hbm.blade_titanium":4,"stat.damageTaken":359,"stat.pickup.hbm.red_cable":5,"stat.mineBlock.minecraft.torch":1,"stat.pickup.hbm.piston_selenium":1,"stat.pickup.hbm.coil_tungsten":1,"stat.useItem.hbm.red_cable":39,"stat.pickup.minecraft.dye":9,"stat.pickup.minecraft.planks":26,"stat.useItem.customnpcs.npcwand":1,"stat.pickup.minecraft.wheat_seeds":7,"stat.damageDealt":299,"stat.sleepInBed":3,"stat.mineBlock.minecraft.dirt":48,"stat.walkOneCm":306212,"stat.useItem.minecraft.torch":13,"stat.useItem.minecraft.chest":1,"stat.mineBlock.hbm.dummy_block_assembler":6,"stat.pickup.minecraft.crafting_table":1,"stat.useItem.minecraft.log":55,"stat.useItem.minecraft.cobblestone":359,"stat.pickup.hbm.fragment_meteorite":5,"stat.useItem.hbm.machine_chemplant":2,"stat.craftItem.minecraft.crafting_table":3,"stat.pickup.hbm.machine_selenium":1,"stat.pickup.minecraft.log":154,"stat.craftItem.hbm.alloy_axe":1,"stat.pickup.minecraft.chicken":1,"stat.useItem.hbm.crate":11,"stat.pickup.minecraft.sapling":86,"stat.craftItem.securitycraft.keycard_lv5":4,"stat.pickup.minecraft.cooked_beef":32,"stat.pickup.hbm.machine_excavator":1,"stat.killEntity.Skeleton":1,"stat.craftItem.minecraft.bucket":1,"stat.craftItem.minecraft.planks":168,"stat.pickup.hbm.photo_panel":1,"stat.pickup.hbm.crowbar":1,"stat.mobKills":3,"stat.craftItem.minecraft.wooden_door":3,"stat.mineBlock.minecraft.log":168,"stat.mineBlock.hbm.block_meteor_cobble":5,"stat.craftItem.minecraft.cooked_chicken":1,"stat.pickup.hbm.machine_diesel":1,"stat.useItem.minecraft.wooden_door":2,"stat.pickup.hbm.machine_coal_off":2,"stat.craftItem.hbm.alloy_shovel":1,"stat.mineBlock.minecraft.leaves":8,"stat.pickup.hbm.syringe_antidote":1,"stat.pickup.minecraft.torch":1,"stat.sneakTime":1524,"stat.pickup.minecraft.wool":1,"stat.pickup.hbm.clip_uboinik":1,"stat.pickup.hbm.machine_difurnace_off":2,"stat.pickup.minecraft.yellow_flower":3,"stat.mineBlock.minecraft.stone":55,"stat.mineBlock.hbm.crate":2,"stat.pickup.hbm.assembly_template":1}