{"stat.pickup.hbm.ff_fluid_duct":1,"stat.pickup.minecraft.bone":1,"stat.pickup.hbm.ingot_copper":192,"stat.pickup.hbm.alloy_axe":1,"stat.pickup.hbm.machine_gascent":1,"stat.pickup.hbm.machine_radgen":21,"stat.pickup.hbm.machine_centrifuge":1,"stat.leaveGame":6,"stat.useItem.hbm.machine_difurnace_off":10,"stat.mineBlock.minecraft.cobblestone":13,"stat.useItem.hbm.alloy_axe":8,"stat.craftItem.hbm.ingot_uranium_fuel":1,"stat.pickup.hbm.machine_assembler":1,"stat.swimOneCm":3592,"stat.climbOneCm":13963,"stat.useItem.hbm.alloy_pickaxe":716,"stat.useItem.minecraft.stone_slab2":6552,"stat.pickup.hbm.siox":64,"stat.useItem.minecraft.water_bucket":11,"stat.pickup.minecraft.rotten_flesh":4,"stat.craftItem.hbm.ingot_u238":1,"stat.useItem.hbm.siox":1,"stat.pickup.minecraft.cobblestone":552,"stat.useItem.hbm.machine_fluidtank":2,"stat.pickup.hbm.rod_empty":32,"stat.flyOneCm":3168158,"stat.pickup.hbm.warhead_n2":1,"stat.pickup.minecraft.redstone":25,"stat.mineBlock.minecraft.iron_ore":32,"stat.timeSinceDeath":515978,"stat.useItem.hbm.reinforced_light":22,"stat.hopperInspected":13,"stat.useItem.minecraft.spawn_egg":9,"stat.pickup.hbm.radx":128,"stat.pickup.minecraft.double_plant":2,"stat.useItem.hbm.ff_fluid_duct":92,"stat.useItem.minecraft.lever":8,"stat.pickup.hbm.fluid_barrel_full":8,"stat.mineBlock.minecraft.coal_ore":55,"stat.pickup.hbm.ladder_red":2,"stat.pickup.hbm.alloy_pickaxe":1,"stat.killEntity.Creeper":1,"stat.pickup.hbm.geiger_counter":1,"stat.pickup.hbm.steel_poles":1,"stat.craftItem.hbm.steel_boots":1,"stat.sprintOneCm":267325,"stat.pickup.car.wheel":1,"stat.pickup.hbm.machine_chemplant":19,"stat.pickup.minecraft.skull":2,"stat.craftItem.minecraft.stick":4,"stat.useItem.hbm.alloy_shovel":132,"stat.pickup.hbm.ingot_tungsten":128,"stat.useItem.hbm.absorber_pink":7,"stat.pickup.hbm.ingot_polymer":64,"stat.pickup.hbm.ingot_aluminium":128,"stat.pickup.hbm.hazmat_boots_grey":1,"stat.useItem.hbm.machine_uf6_tank":2,"stat.pickup.minecraft.lever":2,"stat.deaths":1,"stat.useItem.hbm.meteorite_sword_demonic":3,"stat.drop":4,"stat.useItem.hbm.reinforced_brick":150,"stat.playOneMinute":842044,"stat.pickup.hbm.battery_sc_electronium":1,"stat.pickup.hbm.machine_fluidtank":7,"stat.useItem.hbm.reactor_sensor":8,"stat.useItem.hbm.machine_gascent":1,"stat.killEntity.Zombie":3,"stat.useItem.hbm.sliding_gate_door":4,"stat.mineBlock.minecraft.gold_ore":6,"stat.mineBlock.minecraft.tallgrass":2,"stat.diveOneCm":7928,"stat.pickup.hbm.battery_sc_balefire":1,"stat.chestOpened":5,"stat.pickup.hbm.hazmat_plate_grey":1,"stat.pickup.hbm.machine_uf6_tank":6,"stat.drop.minecraft.hopper":1,"stat.pickup.minecraft.gravel":2,"stat.pickup.minecraft.arrow":1,"stat.craftItem.hbm.steel_plate":1,"stat.pickup.hbm.battery_sc_yharonite":1,"stat.drop.hbm.concrete_white":1,"stat.jump":2440,"stat.pickup.minecraft.coal":54,"stat.fallOneCm":2454,"stat.craftItem.hbm.steel_helmet":1,"stat.pickup.minecraft.iron_ingot":1,"stat.pickup.minecraft.gunpowder":3,"stat.crouchOneCm":7625,"stat.pickup.hbm.battery_sc_lead":1,"stat.craftItem.hbm.steel_legs":1,"stat.pickup.minecraft.spider_eye":2,"stat.craftItem.minecraft.chest":1,"stat.pickup.hbm.gas_mask_filter_combo":3,"stat.useItem.hbm.brick_concrete":34,"stat.pickup.hbm.alloy_hoe":1,"stat.pickup.minecraft.dirt":112,"stat.craftingTableInteraction":8,"stat.pickup.minecraft.iron_ore":33,"stat.useItem.hbm.machine_radgen":13,"stat.pickup.minecraft.gold_ore":6,"stat.pickup.hbm.steel_sword":1,"stat.mineBlock.minecraft.lapis_ore":5,"stat.damageTaken":597,"stat.pickup.hbm.red_cable":128,"stat.mineBlock.minecraft.torch":3,"stat.pickup.hbm.battery_sc_uranium":1,"stat.useItem.hbm.red_cable":46,"stat.pickup.minecraft.dye":25,"stat.pickup.minecraft.planks":6,"stat.pickup.hbm.alloy_shovel":1,"stat.useItem.hbm.sliding_blast_door_skin2":1,"stat.mineBlock.minecraft.gravel":14,"stat.drop.hbm.ladder_red":1,"stat.damageDealt":1473,"stat.pickup.minecraft.minecart":3,"stat.mineBlock.minecraft.dirt":112,"stat.pickup.hbm.machine_tower_small":1,"stat.pickup.hbm.hazmat_helmet_grey":1,"stat.walkOneCm":935515,"stat.useItem.minecraft.torch":39,"stat.useItem.minecraft.bread":4,"stat.pickup.minecraft.stick":4,"stat.useItem.minecraft.log":4,"stat.pickup.minecraft.crafting_table":1,"stat.useItem.hbm.machine_chemplant":15,"stat.useItem.hbm.steel_sword":10,"stat.useItem.minecraft.cobblestone":38,"stat.pickup.hbm.hazmat_legs_grey":1,"stat.craftItem.minecraft.crafting_table":1,"stat.minecartOneCm":1721,"stat.pickup.minecraft.log":59,"stat.pickup.hbm.concrete_white":1,"stat.useItem.hbm.machine_rtg_furnace_off":2,"stat.pickup.minecraft.stone":58,"stat.pickup.minecraft.hopper":1,"stat.pickup.hbm.ore_uranium":64,"stat.killEntity.Skeleton":2,"stat.drop.hbm.heater_electric":1,"stat.pickup.hbm.heater_electric":1,"stat.craftItem.minecraft.planks":20,"stat.useItem.hbm.machine_large_turbine":12,"stat.useItem.hbm.decon":2,"stat.pickup.hbm.ingot_steel":128,"stat.killEntity.Spider":1,"stat.mobKills":9,"stat.pickup.car.canola_seeds":1,"stat.pickup.minecraft.torch":67,"stat.mineBlock.minecraft.redstone_ore":5,"stat.sneakTime":12074,"stat.mineBlock.minecraft.stone":587,"stat.pickup.hbm.radaway_strong":32}