{"stat.pickup.minecraft.bone":2,"stat.pickup.hbm.alloy_axe":1,"stat.leaveGame":1,"stat.mineBlock.minecraft.cobblestone":30,"stat.useItem.hbm.alloy_axe":63,"stat.pickup.hbm.machine_assembler":13,"stat.swimOneCm":2982,"stat.drop.hbm.alloy_axe":1,"stat.climbOneCm":8557,"stat.useItem.minecraft.planks":132,"stat.useItem.hbm.alloy_pickaxe":64,"stat.useItem.minecraft.dirt":4,"stat.useItem.minecraft.stone_slab2":142,"stat.pickup.minecraft.rotten_flesh":6,"stat.craftItem.minecraft.furnace":1,"stat.useItem.hbm.machine_assembler":9,"stat.pickup.minecraft.cobblestone":31,"stat.pickup.hbm.motor":2,"stat.pickup.hbm.brick_concrete":6,"stat.flyOneCm":256616,"stat.timeSinceDeath":80634,"stat.pickup.minecraft.mutton":2,"stat.craftItem.hbm.alloy_pickaxe":1,"stat.pickup.hbm.grenade_strong":1,"stat.useItem.hbm.machine_coal_off":1,"stat.killEntity.entity_fucc_a_ducc":1,"stat.mineBlock.minecraft.vine":6,"stat.furnaceInteraction":10,"stat.mineBlock.hbm.red_cable":5,"stat.pickup.hbm.tank_steel":2,"stat.mineBlock.hbm.brick_concrete":6,"stat.drop.hbm.machine_assembler":1,"stat.useItem.minecraft.cooked_mutton":2,"stat.pickup.hbm.coil_copper":1,"stat.sprintOneCm":125304,"stat.craftItem.minecraft.stick":12,"stat.useItem.hbm.alloy_shovel":32,"stat.mineBlock.minecraft.crafting_table":1,"stat.mineBlock.minecraft.planks":24,"stat.pickup.hbm.machine_lithium_battery":2,"stat.drop":2,"stat.playOneMinute":80634,"stat.killEntity.Sheep":1,"stat.craftItem.minecraft.cooked_mutton":2,"stat.mineBlock.minecraft.tallgrass":4,"stat.diveOneCm":7692,"stat.chestOpened":12,"stat.pickup.hbm.red_pylon":2,"stat.craftItem.minecraft.coal":19,"stat.jump":587,"stat.useItem.hbm.crate_metal":7,"stat.pickup.minecraft.iron_ingot":64,"stat.fallOneCm":6545,"stat.crouchOneCm":1549,"stat.craftItem.minecraft.chest":1,"stat.craftItem.minecraft.torch":16,"stat.useItem.hbm.brick_concrete":123,"stat.pickup.minecraft.dirt":25,"stat.pickup.hbm.machine_press":5,"stat.useItem.minecraft.cooked_chicken":1,"stat.craftingTableInteraction":28,"stat.pickup.hbm.blade_titanium":4,"stat.damageTaken":50,"stat.pickup.hbm.red_cable":5,"stat.mineBlock.minecraft.torch":1,"stat.pickup.hbm.piston_selenium":1,"stat.pickup.hbm.coil_tungsten":1,"stat.useItem.hbm.red_cable":14,"stat.pickup.minecraft.dye":9,"stat.pickup.minecraft.planks":24,"stat.pickup.minecraft.wheat_seeds":1,"stat.damageDealt":100,"stat.sleepInBed":2,"stat.mineBlock.minecraft.dirt":25,"stat.walkOneCm":179335,"stat.useItem.minecraft.torch":8,"stat.useItem.minecraft.chest":1,"stat.mineBlock.hbm.dummy_block_assembler":6,"stat.pickup.minecraft.crafting_table":1,"stat.useItem.minecraft.log":12,"stat.useItem.minecraft.cobblestone":317,"stat.pickup.hbm.fragment_meteorite":5,"stat.craftItem.minecraft.crafting_table":2,"stat.pickup.hbm.machine_selenium":1,"stat.pickup.minecraft.log":28,"stat.craftItem.hbm.alloy_axe":1,"stat.pickup.minecraft.chicken":1,"stat.useItem.hbm.crate":11,"stat.craftItem.securitycraft.keycard_lv5":4,"stat.pickup.hbm.machine_excavator":1,"stat.craftItem.minecraft.bucket":1,"stat.craftItem.minecraft.planks":132,"stat.pickup.hbm.photo_panel":1,"stat.pickup.hbm.crowbar":1,"stat.mobKills":2,"stat.craftItem.minecraft.wooden_door":3,"stat.mineBlock.minecraft.log":28,"stat.mineBlock.hbm.block_meteor_cobble":5,"stat.craftItem.minecraft.cooked_chicken":1,"stat.pickup.hbm.machine_diesel":1,"stat.useItem.minecraft.wooden_door":2,"stat.pickup.hbm.machine_coal_off":2,"stat.craftItem.hbm.alloy_shovel":1,"stat.mineBlock.minecraft.leaves":3,"stat.pickup.hbm.syringe_antidote":1,"stat.pickup.minecraft.torch":1,"stat.sneakTime":384,"stat.pickup.minecraft.wool":1,"stat.pickup.hbm.clip_uboinik":1,"stat.pickup.hbm.machine_difurnace_off":2,"stat.mineBlock.minecraft.stone":3,"stat.mineBlock.hbm.crate":2}