{"stat.pickup.minecraft.rotten_flesh":1,"stat.killEntity.Skeleton":1,"stat.walkOneCm":62240,"stat.pickup.minecraft.bone":2,"stat.entityKilledBy.Spider":1,"stat.leaveGame":3,"stat.pickup.minecraft.arrow":2,"stat.damageTaken":1660,"stat.drop.minecraft.bone":2,"stat.mineBlock.minecraft.yellow_flower":4,"stat.drop.minecraft.dirt":18,"stat.useItem.minecraft.apple":1,"stat.mobKills":1,"stat.mineBlock.minecraft.log":16,"stat.pickup.minecraft.reeds":52,"stat.pickup.minecraft.log":82,"stat.pickup.minecraft.string":4,"stat.useItem.minecraft.rotten_flesh":1,"stat.flyOneCm":120760,"stat.deaths":6,"stat.drop":22,"stat.jump":853,"stat.mineBlock.minecraft.leaves":7,"stat.swimOneCm":2578,"stat.playOneMinute":23911,"stat.fallOneCm":33797,"stat.sneakTime":196,"stat.entityKilledBy.Skeleton":3,"stat.damageDealt":220,"stat.crouchOneCm":41,"stat.drop.minecraft.arrow":2,"stat.timeSinceDeath":3025,"stat.pickup.minecraft.sapling":2,"stat.pickup.minecraft.dirt":25,"stat.useItem.minecraft.dirt":2,"stat.pickup.minecraft.yellow_flower":8,"stat.sprintOneCm":107058,"stat.mineBlock.minecraft.dirt":1,"stat.useItem.minecraft.stone_slab2":4,"stat.mineBlock.minecraft.tallgrass":3,"stat.pickup.minecraft.apple":1,"stat.diveOneCm":1241}