{"stat.chestOpened":6,"stat.leaveGame":3,"stat.useItem.hbm.alloy_sword":19,"stat.pickup.hbm.red_pylon":2,"stat.pickup.hbm.bolt_compound":2,"stat.useItem.minecraft.porkchop":4,"stat.pickup.hbm.machine_assembler":1,"stat.jump":211,"stat.swimOneCm":332,"stat.fallOneCm":9148,"stat.useItem.minecraft.planks":10,"stat.pickup.minecraft.porkchop":5,"stat.mineBlock.minecraft.chest":1,"stat.craftItem.minecraft.chest":2,"stat.pickup.minecraft.dirt":2,"stat.pickup.hbm.machine_press":2,"stat.useItem.minecraft.stone_slab2":3,"stat.craftingTableInteraction":5,"stat.useItem.hbm.machine_press":1,"stat.useItem.minecraft.egg":2,"stat.damageTaken":257,"stat.pickup.hbm.piston_selenium":1,"stat.pickup.hbm.motor":1,"stat.pickup.minecraft.planks":54,"stat.flyOneCm":70850,"stat.damageDealt":680,"stat.timeSinceDeath":17799,"stat.mineBlock.minecraft.dirt":2,"stat.killEntity.Pig":3,"stat.craftItem.hbm.alloy_pickaxe":1,"stat.pickup.hbm.machine_nuke_furnace_off":2,"stat.walkOneCm":25022,"stat.useItem.minecraft.chest":2,"stat.pickup.hbm.machine_battery":2,"stat.pickup.hbm.tank_steel":4,"stat.pickup.hbm.machine_selenium":3,"stat.pickup.hbm.centrifuge_element":3,"stat.craftItem.hbm.alloy_axe":1,"stat.pickup.hbm.coil_copper":3,"stat.sprintOneCm":37526,"stat.craftItem.minecraft.stick":12,"stat.pickup.hbm.machine_excavator":2,"stat.killEntity.Skeleton":1,"stat.pickup.hbm.photo_panel":1,"stat.craftItem.hbm.alloy_sword":1,"stat.pickup.hbm.machine_electric_furnace_off":4,"stat.mobKills":4,"stat.craftItem.minecraft.wooden_door":3,"stat.pickup.hbm.machine_diesel":2,"stat.useItem.minecraft.wooden_door":1,"stat.pickup.hbm.machine_coal_off":1,"stat.pickup.hbm.machine_lithium_battery":2,"stat.pickup.minecraft.egg":2,"stat.playOneMinute":17799,"stat.sneakTime":3,"stat.pickup.hbm.machine_fluidtank":2,"stat.pickup.hbm.machine_rtg_grey":1,"stat.mineBlock.minecraft.tallgrass":1,"stat.pickup.minecraft.chest":1}