{"stat.pickup.minecraft.double_plant":1,"stat.walkOneCm":103301,"stat.pickup.minecraft.bone":3,"stat.leaveGame":3,"stat.pickup.minecraft.arrow":2,"stat.pickup.minecraft.crafting_table":3,"stat.craftItem.minecraft.cooked_porkchop":2,"stat.mineBlock.minecraft.cobblestone":1,"stat.craftItem.minecraft.crafting_table":1,"stat.furnaceInteraction":6,"stat.mineBlock.minecraft.yellow_flower":4,"stat.drop.minecraft.dirt":18,"stat.useItem.minecraft.cooked_porkchop":2,"stat.useItem.minecraft.apple":1,"stat.pickup.minecraft.log":92,"stat.pickup.minecraft.string":5,"stat.useItem.minecraft.rotten_flesh":1,"stat.jump":1235,"stat.swimOneCm":3008,"stat.fallOneCm":40814,"stat.pickup.minecraft.furnace":2,"stat.entityKilledBy.Skeleton":3,"stat.pickup.minecraft.cooked_porkchop":2,"stat.pickup.hbm.ingot_biorubber":1,"stat.useItem.minecraft.stone_axe":21,"stat.pickup.minecraft.porkchop":16,"stat.crouchOneCm":41,"stat.pickup.minecraft.sapling":3,"stat.useItem.minecraft.dirt":2,"stat.pickup.minecraft.dirt":26,"stat.sprintOneCm":154102,"stat.useItem.minecraft.stone_slab2":11,"stat.pickup.minecraft.apple":1,"stat.craftItem.minecraft.stick":8,"stat.craftingTableInteraction":4,"stat.pickup.minecraft.rotten_flesh":1,"stat.killEntity.Skeleton":1,"stat.craftItem.minecraft.furnace":1,"stat.entityKilledBy.Spider":1,"stat.craftItem.minecraft.planks":36,"stat.craftItem.minecraft.stone_axe":1,"stat.damageTaken":1765,"stat.mineBlock.minecraft.crafting_table":3,"stat.killEntity.Spider":1,"stat.drop.minecraft.bone":3,"stat.mineBlock.minecraft.red_flower":1,"stat.mineBlock.minecraft.furnace":2,"stat.useItem.minecraft.wooden_pickaxe":21,"stat.mobKills":7,"stat.pickup.minecraft.cobblestone":17,"stat.mineBlock.minecraft.log":29,"stat.pickup.minecraft.reeds":64,"stat.flyOneCm":157882,"stat.deaths":6,"stat.craftItem.hbm.ball_resin":1,"stat.drop":23,"stat.mineBlock.minecraft.leaves":7,"stat.playOneMinute":36511,"stat.sneakTime":206,"stat.damageDealt":976,"stat.drop.minecraft.arrow":2,"stat.killEntity.Zombie":1,"stat.timeSinceDeath":15625,"stat.pickup.minecraft.yellow_flower":8,"stat.mineBlock.minecraft.dirt":2,"stat.killEntity.Pig":4,"stat.craftItem.minecraft.wooden_pickaxe":2,"stat.mineBlock.minecraft.stone":16,"stat.mineBlock.minecraft.tallgrass":14,"stat.diveOneCm":1471}