{"stat.useItem.minecraft.string":1,"stat.pickup.hbm.crate":192,"stat.pickup.hbm.alloy_axe":2,"stat.pickup.hbm.steel_plate":1,"stat.leaveGame":2,"stat.useItem.hbm.radx":2,"stat.pickup.hbm.crate_metal":101,"stat.useItem.hbm.alloy_pickaxe":719,"stat.pickup.hbm.niter":2,"stat.pickup.hbm.machine_reactor":2,"stat.useItem.minecraft.water_bucket":1,"stat.pickup.minecraft.rotten_flesh":44,"stat.pickup.minecraft.sand":123,"stat.pickup.hbm.crystal_titanium":2,"stat.pickup.hbm.rare_earth_chunk":3,"stat.mineBlock.hbm.ore_niter":2,"stat.pickup.hbm.motor":2,"stat.drop.hbm.crowbar":1,"stat.mineBlock.minecraft.sand":138,"stat.mineBlock.hbm.ore_uranium":7,"stat.killEntity.Witch":1,"stat.craftItem.hbm.alloy_pickaxe":1,"stat.furnaceInteraction":3,"stat.pickup.hbm.tank_steel":7,"stat.killEntity.ZombieVillager":2,"stat.craftItem.hbm.bolt_dura_steel":12,"stat.useItem.hbm.machine_electric_furnace_off":1,"stat.craftItem.hbm.coil_advanced_alloy":20,"stat.drop.hbm.ingot_dura_steel":1,"stat.pickup.hbm.machine_chemplant":1,"stat.pickup.minecraft.skull":24,"stat.pickup.hbm.chemistry_template":1,"stat.mineBlock.hbm.ore_fluorite":2,"stat.deaths":2,"stat.useItem.hbm.meteorite_sword_demonic":11,"stat.playOneMinute":240976,"stat.pickup.hbm.machine_fluidtank":3,"stat.drop.minecraft.chest":1,"stat.pickup.minecraft.iron_bars":3,"stat.mineBlock.minecraft.tallgrass":76,"stat.chestOpened":39,"stat.pickup.hbm.fluorite":5,"stat.useItem.hbm.fluid_duct_mk2":9,"stat.pickup.hbm.crystal_copper":4,"stat.pickup.hbm.hazmat_plate_grey":2,"stat.useItem.minecraft.stone":5,"stat.pickup.hbm.ore_thorium":2,"stat.pickup.minecraft.arrow":6,"stat.pickup.hbm.red_pylon":4,"stat.useItem.hbm.crate_metal":25,"stat.fallOneCm":65952,"stat.craftItem.hbm.barrel_antimatter":1,"stat.crouchOneCm":2111,"stat.craftingTableInteraction":36,"stat.craftItem.hbm.fluid_duct_mk2":16,"stat.useItem.hbm.machine_press":1,"stat.pickup.hbm.piston_selenium":2,"stat.pickup.minecraft.dye":86,"stat.pickup.minecraft.wheat_seeds":9,"stat.mineBlock.minecraft.gravel":108,"stat.useItem.minecraft.wool":13,"stat.mineBlock.minecraft.dirt":234,"stat.pickup.hbm.sulfur":4,"stat.pickup.hbm.ingot_beryllium":128,"stat.useItem.minecraft.torch":57,"stat.pickup.hbm.ingot_dura_steel":1,"stat.pickup.hbm.machine_battery":1,"stat.drop.minecraft.rotten_flesh":3,"stat.pickup.minecraft.crafting_table":1,"stat.useItem.minecraft.cobblestone":59,"stat.craftItem.minecraft.crafting_table":1,"stat.mineBlock.minecraft.double_plant":2,"stat.pickup.hbm.machine_selenium":4,"stat.pickup.minecraft.log":4,"stat.pickup.hbm.centrifuge_element":2,"stat.pickup.hbm.ore_copper":6,"stat.pickup.hbm.ore_uranium":6,"stat.craftItem.minecraft.bucket":2,"stat.craftItem.minecraft.planks":8,"stat.pickup.hbm.ingot_steel":105,"stat.mineBlock.hbm.ore_lead":19,"stat.mineBlock.minecraft.log":4,"stat.pickup.hbm.machine_diesel":1,"stat.pickup.hbm.crate_lead":128,"stat.pickup.hbm.machine_coal_off":1,"stat.pickup.hbm.forge_fluid_identifier":1,"stat.sneakTime":794,"stat.craftItem.hbm.plate_polymer":260,"stat.pickup.minecraft.wool":15,"stat.pickup.hbm.ore_titanium":6,"stat.pickup.minecraft.chest":1,"stat.pickup.hbm.assembly_template":1,"stat.pickup.hbm.plate_aluminium":28,"stat.pickup.minecraft.bone":18,"stat.pickup.hbm.ingot_copper":128,"stat.pickup.hbm.plate_iron":61,"stat.mineBlock.minecraft.cobblestone":36,"stat.pickup.minecraft.flint":10,"stat.useItem.minecraft.skull":4,"stat.useItem.hbm.alloy_axe":295,"stat.pickup.hbm.machine_assembler":8,"stat.swimOneCm":4340,"stat.pickup.hbm.ingot_titanium":128,"stat.useItem.minecraft.dirt":1,"stat.useItem.minecraft.stone_slab2":49,"stat.pickup.hbm.plate_steel":1,"stat.pickup.minecraft.cobblestone":405,"stat.pickup.hbm.brick_concrete":12,"stat.mineBlock.minecraft.clay":19,"stat.flyOneCm":414224,"stat.mineBlock.hbm.ore_thorium":2,"stat.drop.minecraft.wheat_seeds":1,"stat.useItem.minecraft.cooked_beef":17,"stat.mineBlock.hbm.ore_sulfur":2,"stat.pickup.vehicle.wheel":1,"stat.pickup.hbm.ore_tungsten":3,"stat.pickup.minecraft.redstone":4,"stat.mineBlock.minecraft.iron_ore":11,"stat.timeSinceDeath":164673,"stat.mineBlock.hbm.ore_titanium":6,"stat.pickup.hbm.fluid_duct_mk2":14,"stat.pickup.minecraft.mutton":4,"stat.pickup.hbm.machine_nuke_furnace_off":1,"stat.pickup.vehicle.vehicle_crate":4,"stat.useItem.hbm.ff_fluid_duct":22,"stat.mineBlock.hbm.red_cable":1,"stat.mineBlock.hbm.brick_concrete":14,"stat.pickup.hbm.alloy_pickaxe":3,"stat.pickup.hbm.ingot_red_copper":166,"stat.pickup.minecraft.string":6,"stat.pickup.hbm.coil_copper":1,"stat.pickup.hbm.template_folder":1,"stat.sprintOneCm":201073,"stat.craftItem.minecraft.stick":8,"stat.craftItem.hbm.coil_advanced_torus":10,"stat.pickup.hbm.coil_advanced_torus":7,"stat.useItem.hbm.alloy_shovel":482,"stat.pickup.hbm.ingot_tungsten":160,"stat.pickup.hbm.wire_advanced_alloy":72,"stat.pickup.securitycraft.whitelist_module":1,"stat.pickup.hbm.machine_electric_furnace_off":4,"stat.mineBlock.minecraft.crafting_table":1,"stat.pickup.hbm.ingot_aluminium":169,"stat.pickup.hbm.hazmat_boots_grey":2,"stat.drop":8,"stat.pickup.hbm.machine_lithium_battery":2,"stat.killEntity.Sheep":2,"stat.pickup.hbm.iv_empty":3,"stat.killEntity.Zombie":32,"stat.diveOneCm":2159,"stat.pickup.minecraft.gravel":150,"stat.mineBlock.hbm.ore_rare":7,"stat.craftItem.hbm.brick_concrete":256,"stat.jump":2719,"stat.pickup.minecraft.coal":2,"stat.pickup.hbm.crystal_aluminium":14,"stat.pickup.minecraft.iron_ingot":103,"stat.craftItem.hbm.red_cable":368,"stat.craftItem.hbm.barrel_iron":1,"stat.pickup.minecraft.spider_eye":2,"stat.craftItem.minecraft.torch":4,"stat.useItem.hbm.brick_concrete":206,"stat.pickup.minecraft.dirt":313,"stat.pickup.hbm.machine_press":6,"stat.pickup.hbm.wire_red_copper":64,"stat.mineBlock.minecraft.lapis_ore":6,"stat.pickup.hbm.blade_titanium":1,"stat.damageTaken":1774,"stat.pickup.hbm.red_cable":25,"stat.mineBlock.minecraft.red_flower":1,"stat.mineBlock.minecraft.torch":5,"stat.pickup.hbm.ore_lead":16,"stat.pickup.hbm.coil_tungsten":5,"stat.useItem.hbm.red_cable":11,"stat.pickup.hbm.ingot_advanced_alloy":55,"stat.pickup.hbm.alloy_shovel":2,"stat.entityKilledBy.Zombie":1,"stat.drop.hbm.alloy_pickaxe":1,"stat.damageDealt":8055,"stat.sleepInBed":2,"stat.pickup.hbm.hazmat_helmet_grey":2,"stat.walkOneCm":288746,"stat.useItem.minecraft.chest":4,"stat.pickup.minecraft.stick":2,"stat.useItem.securitycraft.whitelist_module":2,"stat.pickup.minecraft.clay_ball":69,"stat.pickup.hbm.hazmat_legs_grey":2,"stat.craftItem.hbm.alloy_axe":1,"stat.pickup.minecraft.stone":100,"stat.mineBlock.minecraft.wool":13,"stat.pickup.minecraft.cooked_beef":60,"stat.pickup.minecraft.gold_ingot":160,"stat.killEntity.Skeleton":3,"stat.mineBlock.hbm.gas_coal":1,"stat.craftItem.hbm.machine_coal_off":1,"stat.pickup.hbm.photo_panel":1,"stat.pickup.hbm.crowbar":2,"stat.killEntity.Chicken":1,"stat.killEntity.Spider":3,"stat.craftItem.hbm.inf_water":1,"stat.mobKills":46,"stat.craftItem.hbm.fluid_barrel_full":2,"stat.craftItem.hbm.alloy_shovel":1,"stat.mineBlock.minecraft.leaves":3,"stat.pickup.minecraft.torch":10,"stat.mineBlock.hbm.ore_copper":7,"stat.pickup.hbm.machine_difurnace_off":5,"stat.mineBlock.hbm.ore_tungsten":4,"stat.mineBlock.minecraft.stone":511}