{"stat.pickup.minecraft.bone":2,"stat.pickup.hbm.alloy_axe":1,"stat.leaveGame":1,"stat.mineBlock.minecraft.cobblestone":31,"stat.useItem.hbm.alloy_axe":66,"stat.pickup.hbm.machine_assembler":13,"stat.swimOneCm":3447,"stat.drop.hbm.alloy_axe":1,"stat.climbOneCm":8557,"stat.useItem.minecraft.planks":142,"stat.useItem.hbm.alloy_pickaxe":68,"stat.useItem.minecraft.dirt":47,"stat.useItem.minecraft.stone_slab2":147,"stat.pickup.minecraft.rotten_flesh":6,"stat.pickup.minecraft.sand":7,"stat.craftItem.minecraft.furnace":1,"stat.useItem.hbm.machine_assembler":9,"stat.drop.hbm.template_folder":1,"stat.pickup.minecraft.cobblestone":40,"stat.pickup.hbm.motor":2,"stat.pickup.hbm.brick_concrete":6,"stat.flyOneCm":263515,"stat.mineBlock.minecraft.sand":7,"stat.timeSinceDeath":104934,"stat.pickup.minecraft.mutton":2,"stat.craftItem.hbm.alloy_pickaxe":1,"stat.pickup.hbm.grenade_strong":1,"stat.useItem.hbm.machine_coal_off":1,"stat.killEntity.entity_fucc_a_ducc":1,"stat.mineBlock.minecraft.vine":6,"stat.furnaceInteraction":10,"stat.mineBlock.hbm.red_cable":5,"stat.pickup.hbm.tank_steel":2,"stat.mineBlock.hbm.brick_concrete":6,"stat.drop.hbm.machine_assembler":1,"stat.useItem.minecraft.cooked_mutton":2,"stat.pickup.hbm.coil_copper":1,"stat.sprintOneCm":141346,"stat.craftItem.minecraft.stick":12,"stat.useItem.hbm.alloy_shovel":60,"stat.mineBlock.minecraft.crafting_table":1,"stat.mineBlock.minecraft.planks":25,"stat.pickup.hbm.machine_lithium_battery":2,"stat.drop":3,"stat.playOneMinute":104934,"stat.pickup.hbm.clip_revolver":2,"stat.killEntity.Sheep":1,"stat.craftItem.minecraft.cooked_mutton":2,"stat.mineBlock.minecraft.tallgrass":4,"stat.diveOneCm":8007,"stat.chestOpened":15,"stat.pickup.hbm.red_pylon":2,"stat.craftItem.minecraft.coal":19,"stat.jump":648,"stat.useItem.hbm.crate_metal":7,"stat.pickup.minecraft.iron_ingot":64,"stat.fallOneCm":8320,"stat.crouchOneCm":3109,"stat.craftItem.minecraft.chest":1,"stat.craftItem.minecraft.torch":16,"stat.useItem.hbm.brick_concrete":123,"stat.pickup.minecraft.dirt":48,"stat.pickup.hbm.machine_press":5,"stat.useItem.minecraft.cooked_chicken":1,"stat.craftingTableInteraction":28,"stat.pickup.hbm.blade_titanium":4,"stat.damageTaken":225,"stat.pickup.hbm.red_cable":5,"stat.mineBlock.minecraft.torch":1,"stat.pickup.hbm.piston_selenium":1,"stat.pickup.hbm.coil_tungsten":1,"stat.useItem.hbm.red_cable":14,"stat.pickup.minecraft.dye":9,"stat.pickup.minecraft.planks":25,"stat.pickup.minecraft.wheat_seeds":3,"stat.damageDealt":100,"stat.sleepInBed":2,"stat.mineBlock.minecraft.dirt":48,"stat.walkOneCm":216456,"stat.useItem.minecraft.torch":10,"stat.useItem.minecraft.chest":1,"stat.mineBlock.hbm.dummy_block_assembler":6,"stat.pickup.minecraft.crafting_table":1,"stat.useItem.minecraft.log":24,"stat.useItem.minecraft.cobblestone":323,"stat.pickup.hbm.fragment_meteorite":5,"stat.craftItem.minecraft.crafting_table":2,"stat.pickup.hbm.machine_selenium":1,"stat.pickup.minecraft.log":31,"stat.craftItem.hbm.alloy_axe":1,"stat.pickup.minecraft.chicken":1,"stat.useItem.hbm.crate":11,"stat.craftItem.securitycraft.keycard_lv5":4,"stat.pickup.hbm.machine_excavator":1,"stat.craftItem.minecraft.bucket":1,"stat.craftItem.minecraft.planks":132,"stat.pickup.hbm.photo_panel":1,"stat.pickup.hbm.crowbar":1,"stat.mobKills":2,"stat.craftItem.minecraft.wooden_door":3,"stat.mineBlock.minecraft.log":29,"stat.mineBlock.hbm.block_meteor_cobble":5,"stat.craftItem.minecraft.cooked_chicken":1,"stat.pickup.hbm.machine_diesel":1,"stat.useItem.minecraft.wooden_door":2,"stat.pickup.hbm.machine_coal_off":2,"stat.craftItem.hbm.alloy_shovel":1,"stat.mineBlock.minecraft.leaves":3,"stat.pickup.hbm.syringe_antidote":1,"stat.pickup.minecraft.torch":1,"stat.sneakTime":769,"stat.pickup.minecraft.wool":1,"stat.pickup.hbm.clip_uboinik":1,"stat.pickup.hbm.machine_difurnace_off":2,"stat.mineBlock.minecraft.stone":6,"stat.mineBlock.hbm.crate":2,"stat.pickup.hbm.assembly_template":1}