{"stat.pickup.hbm.alloy_axe":1,"stat.pickup.hbm.machine_gascent":1,"stat.pickup.hbm.machine_radgen":4,"stat.leaveGame":2,"stat.useItem.hbm.radx":2,"stat.useItem.minecraft.planks":175,"stat.useItem.hbm.block_meteor_treasure":19,"stat.pickup.hbm.pellet_rtg":2,"stat.useItem.hbm.alloy_pickaxe":256,"stat.pickup.hbm.coil_advanced_alloy":3,"stat.pickup.minecraft.rotten_flesh":6,"stat.pickup.minecraft.sand":7,"stat.useItem.hbm.machine_assembler":13,"stat.drop.hbm.template_folder":1,"stat.pickup.hbm.ingot_plutonium":1,"stat.pickup.hbm.motor":2,"stat.mineBlock.minecraft.sand":7,"stat.pickup.hbm.fusion_core_block":1,"stat.pickup.hbm.gun_defabricator_ammo":4,"stat.craftItem.hbm.alloy_pickaxe":1,"stat.pickup.hbm.turbine_tungsten":1,"stat.useItem.hbm.machine_coal_off":1,"stat.mineBlock.minecraft.vine":6,"stat.furnaceInteraction":10,"stat.pickup.hbm.tank_steel":2,"stat.useItem.minecraft.cooked_mutton":2,"stat.pickup.minecraft.skull":2,"stat.pickup.hbm.pellet_rtg_weak":1,"stat.pickup.hbm.ammo_mirv":1,"stat.pickup.hbm.ingot_polymer":1,"stat.playOneMinute":204201,"stat.pickup.hbm.clip_revolver":2,"stat.pickup.hbm.machine_fluidtank":2,"stat.useItem.hbm.sliding_gate_door":1,"stat.craftItem.minecraft.cooked_mutton":2,"stat.mineBlock.minecraft.tallgrass":4,"stat.chestOpened":17,"stat.craftItem.minecraft.sign":12,"stat.pickup.minecraft.arrow":3,"stat.pickup.hbm.red_pylon":2,"stat.craftItem.minecraft.coal":19,"stat.useItem.hbm.crate_metal":7,"stat.fallOneCm":25342,"stat.crouchOneCm":6256,"stat.craftItem.minecraft.chest":1,"stat.useItem.hbm.machine_centrifuge":2,"stat.craftingTableInteraction":29,"stat.pickup.hbm.piston_selenium":1,"stat.pickup.hbm.reactor_computer":1,"stat.pickup.minecraft.dye":9,"stat.pickup.minecraft.planks":26,"stat.pickup.minecraft.wheat_seeds":7,"stat.mineBlock.minecraft.dirt":48,"stat.useItem.minecraft.torch":13,"stat.pickup.hbm.ingot_dura_steel":1,"stat.mineBlock.hbm.dummy_block_assembler":6,"stat.pickup.minecraft.crafting_table":1,"stat.useItem.minecraft.log":55,"stat.useItem.minecraft.cobblestone":359,"stat.useItem.hbm.machine_chemplant":2,"stat.craftItem.minecraft.crafting_table":3,"stat.pickup.hbm.machine_selenium":1,"stat.pickup.minecraft.log":154,"stat.pickup.minecraft.chicken":1,"stat.useItem.hbm.crate":11,"stat.pickup.minecraft.sapling":86,"stat.pickup.hbm.machine_excavator":1,"stat.craftItem.minecraft.bucket":1,"stat.craftItem.minecraft.planks":168,"stat.craftItem.minecraft.wooden_door":3,"stat.mineBlock.minecraft.log":168,"stat.craftItem.minecraft.cooked_chicken":1,"stat.pickup.hbm.machine_diesel":6,"stat.useItem.minecraft.wooden_door":2,"stat.pickup.hbm.machine_coal_off":2,"stat.pickup.hbm.syringe_antidote":1,"stat.sneakTime":1540,"stat.pickup.minecraft.wool":1,"stat.pickup.hbm.clip_uboinik":1,"stat.pickup.hbm.decon":1,"stat.pickup.minecraft.yellow_flower":3,"stat.mineBlock.hbm.crate":2,"stat.pickup.hbm.assembly_template":1,"stat.pickup.hbm.watz_element":2,"stat.pickup.minecraft.bone":3,"stat.pickup.hbm.nugget_schrabidium":2,"stat.mineBlock.minecraft.cobblestone":33,"stat.useItem.hbm.machine_difurnace_off":9,"stat.pickup.hbm.battery_advanced":2,"stat.mineBlock.hbm.decon":1,"stat.useItem.hbm.alloy_axe":223,"stat.pickup.hbm.machine_assembler":15,"stat.swimOneCm":4145,"stat.drop.hbm.alloy_axe":1,"stat.climbOneCm":9612,"stat.useItem.minecraft.dirt":47,"stat.useItem.minecraft.stone_slab2":173,"stat.pickup.hbm.battery_lithium_cell":2,"stat.craftItem.minecraft.furnace":1,"stat.pickup.minecraft.cobblestone":86,"stat.useItem.hbm.machine_fluidtank":2,"stat.pickup.hbm.brick_concrete":6,"stat.flyOneCm":506691,"stat.useItem.minecraft.cooked_beef":7,"stat.timeSinceDeath":204201,"stat.drop.minecraft.log":11,"stat.useItem.minecraft.sign":3,"stat.pickup.minecraft.mutton":2,"stat.pickup.hbm.grenade_strong":2,"stat.useItem.minecraft.lever":2,"stat.killEntity.entity_fucc_a_ducc":1,"stat.useItem.hbm.ducrete_brick":41,"stat.mineBlock.hbm.red_cable":5,"stat.mineBlock.hbm.brick_concrete":6,"stat.pickup.hbm.alloy_pickaxe":1,"stat.drop.hbm.machine_assembler":1,"stat.pickup.hbm.rtg_unit":3,"stat.pickup.hbm.coil_copper":1,"stat.sprintOneCm":261514,"stat.craftItem.minecraft.stick":16,"stat.useItem.hbm.alloy_shovel":60,"stat.pickup.hbm.ingot_tungsten":1,"stat.useItem.hbm.absorber_pink":31,"stat.mineBlock.minecraft.crafting_table":1,"stat.useItem.hbm.crate_tungsten":13,"stat.pickup.hbm.plate_advanced_alloy":1,"stat.mineBlock.minecraft.planks":26,"stat.pickup.hbm.machine_lithium_battery":2,"stat.drop":16,"stat.killEntity.Sheep":1,"stat.useItem.hbm.machine_gascent":4,"stat.pickup.hbm.fusion_heater":1,"stat.diveOneCm":9157,"stat.mineBlock.hbm.block_meteor_treasure":21,"stat.drop.hbm.machine_gascent":1,"stat.pickup.hbm.powder_desh_mix":3,"stat.pickup.hbm.ingot_lanthanium":1,"stat.jump":1403,"stat.pickup.minecraft.iron_ingot":64,"stat.craftItem.minecraft.torch":16,"stat.useItem.hbm.brick_concrete":128,"stat.pickup.minecraft.dirt":48,"stat.pickup.hbm.machine_press":5,"stat.useItem.minecraft.cooked_chicken":1,"stat.pickup.hbm.blade_titanium":4,"stat.pickup.hbm.battery_advanced_cell":1,"stat.damageTaken":561,"stat.pickup.hbm.red_cable":5,"stat.mineBlock.minecraft.torch":1,"stat.pickup.hbm.coil_tungsten":1,"stat.useItem.hbm.red_cable":39,"stat.useItem.customnpcs.npcwand":1,"stat.drop.hbm.alloy_pickaxe":1,"stat.damageDealt":499,"stat.sleepInBed":4,"stat.pickup.hbm.ammo_nuke":2,"stat.walkOneCm":360207,"stat.useItem.minecraft.chest":1,"stat.pickup.hbm.fragment_meteorite":106,"stat.craftItem.hbm.alloy_axe":1,"stat.pickup.minecraft.stone":3,"stat.craftItem.securitycraft.keycard_lv5":4,"stat.pickup.minecraft.cooked_beef":32,"stat.killEntity.Skeleton":2,"stat.pickup.hbm.ingot_actinium":3,"stat.pickup.hbm.photo_panel":1,"stat.pickup.hbm.crowbar":1,"stat.useItem.hbm.decon":2,"stat.mobKills":4,"stat.mineBlock.hbm.block_meteor_cobble":106,"stat.craftItem.hbm.alloy_shovel":1,"stat.mineBlock.minecraft.leaves":8,"stat.pickup.minecraft.torch":1,"stat.pickup.hbm.machine_rtg_grey":1,"stat.pickup.hbm.machine_difurnace_off":2,"stat.mineBlock.minecraft.stone":62}