{"stat.pickup.hbm.ff_fluid_duct":2,"stat.pickup.hbm.crate":1,"stat.pickup.hbm.alloy_axe":1,"stat.pickup.hbm.machine_gascent":1,"stat.pickup.hbm.machine_radgen":21,"stat.pickup.hbm.machine_centrifuge":1,"stat.leaveGame":17,"stat.useItem.hbm.radx":3,"stat.pickup.customnpcs.npcscripter":1,"stat.pickup.hbm.ammo_rocket_incendiary":576,"stat.useItem.hbm.alloy_pickaxe":716,"stat.pickup.hbm.siox":64,"stat.useItem.minecraft.water_bucket":15,"stat.pickup.minecraft.rotten_flesh":13,"stat.useItem.minecraft.diamond_hoe":41,"stat.pickup.minecraft.sand":2,"stat.craftItem.hbm.ingot_u238":1,"stat.useItem.hbm.siox":1,"stat.pickup.hbm.rod_empty":32,"stat.pickup.hbm.warhead_n2":1,"stat.useItem.hbm.reinforced_light":22,"stat.hopperInspected":13,"stat.useItem.minecraft.spawn_egg":42,"stat.pickup.hbm.radx":128,"stat.pickup.minecraft.double_plant":3,"stat.pickup.minecraft.beef":1,"stat.pickup.hbm.steel_poles":1,"stat.pickup.car.wheel":1,"stat.pickup.hbm.machine_chemplant":19,"stat.pickup.minecraft.skull":2,"stat.pickup.hbm.ingot_polymer":64,"stat.drop.vehicle.fluid_pipe":1,"stat.pickup.securitycraft.panic_button":1,"stat.pickup.minecraft.lever":3,"stat.deaths":3,"stat.useItem.hbm.meteorite_sword_demonic":3,"stat.pickup.minecraft.egg":2,"stat.pickup.hbm.upgrade_speed_3":3,"stat.useItem.hbm.reinforced_brick":150,"stat.playOneMinute":1476598,"stat.pickup.hbm.battery_sc_electronium":1,"stat.pickup.hbm.machine_fluidtank":7,"stat.useItem.hbm.reactor_sensor":8,"stat.pickup.minecraft.glass_pane":47,"stat.useItem.hbm.sliding_gate_door":4,"stat.mineBlock.minecraft.tallgrass":2,"stat.pickup.hbm.battery_sc_balefire":2,"stat.chestOpened":10,"stat.pickup.hbm.hazmat_plate_grey":1,"stat.drop.minecraft.hopper":1,"stat.pickup.minecraft.arrow":7,"stat.craftItem.hbm.steel_plate":1,"stat.pickup.hbm.siren_track":3,"stat.fallOneCm":2454,"stat.crouchOneCm":16004,"stat.pickup.hbm.battery_sc_lead":3,"stat.craftItem.hbm.steel_legs":1,"stat.craftItem.minecraft.chest":1,"stat.pickup.hbm.gas_mask_filter_combo":3,"stat.pickup.hbm.alloy_hoe":1,"stat.craftingTableInteraction":8,"stat.pickup.minecraft.repeater":1,"stat.pickup.hbm.battery_sc_uranium":1,"stat.pickup.minecraft.dye":25,"stat.pickup.minecraft.planks":6,"stat.useItem.hbm.sliding_blast_door_skin2":1,"stat.mineBlock.minecraft.gravel":14,"stat.pickup.hbm.crate_weapon":1,"stat.mineBlock.minecraft.dirt":112,"stat.useItem.minecraft.torch":39,"stat.useItem.minecraft.bread":4,"stat.pickup.hbm.reinforced_brick":2,"stat.useItem.minecraft.log":4,"stat.pickup.minecraft.crafting_table":1,"stat.useItem.hbm.machine_chemplant":15,"stat.useItem.hbm.steel_sword":10,"stat.useItem.minecraft.cobblestone":38,"stat.craftItem.minecraft.crafting_table":1,"stat.minecartOneCm":1945,"stat.pickup.minecraft.log":59,"stat.pickup.hbm.concrete_white":1,"stat.useItem.hbm.machine_rtg_furnace_off":2,"stat.pickup.minecraft.hopper":1,"stat.pickup.hbm.ore_uranium":74,"stat.craftItem.minecraft.planks":20,"stat.pickup.hbm.ingot_steel":128,"stat.useItem.securitycraft.disguise_module":3,"stat.sneakTime":21506,"stat.pickup.minecraft.bone":3,"stat.pickup.hbm.ingot_copper":192,"stat.useItem.hbm.machine_difurnace_off":10,"stat.mineBlock.minecraft.cobblestone":13,"stat.useItem.securitycraft.admin_tool":2,"stat.useItem.hbm.alloy_axe":8,"stat.craftItem.hbm.ingot_uranium_fuel":1,"stat.pickup.hbm.machine_assembler":1,"stat.swimOneCm":11255,"stat.climbOneCm":22657,"stat.enderchestOpened":4,"stat.useItem.minecraft.stone_slab2":9646,"stat.useItem.minecraft.egg":6,"stat.pickup.securitycraft.disguise_module":3,"stat.pickup.hbm.concrete_green":1,"stat.pickup.minecraft.cobblestone":552,"stat.useItem.hbm.machine_fluidtank":2,"stat.flyOneCm":5740383,"stat.pickup.vehicle.wheel":4,"stat.pickup.minecraft.redstone":25,"stat.mineBlock.minecraft.iron_ore":32,"stat.timeSinceDeath":504982,"stat.pickup.hbm.launch_pad":1,"stat.useItem.hbm.ff_fluid_duct":92,"stat.pickup.vehicle.vehicle_crate":2,"stat.useItem.minecraft.lever":8,"stat.pickup.hbm.fluid_barrel_full":12,"stat.drop.vehicle.fluid_extractor":2,"stat.pickup.vehicle.fluid_extractor":2,"stat.mineBlock.minecraft.coal_ore":55,"stat.pickup.hbm.ladder_red":6,"stat.pickup.hbm.alloy_pickaxe":1,"stat.killEntity.Creeper":1,"stat.drop.hbm.reinforced_brick":2,"stat.pickup.minecraft.string":3,"stat.pickup.vehicle.fluid_pipe":1,"stat.pickup.hbm.geiger_counter":3,"stat.craftItem.hbm.steel_boots":1,"stat.sprintOneCm":420973,"stat.craftItem.minecraft.stick":4,"stat.useItem.hbm.alloy_shovel":132,"stat.pickup.hbm.ingot_tungsten":128,"stat.useItem.hbm.absorber_pink":7,"stat.pickup.hbm.ingot_aluminium":128,"stat.pickup.hbm.hazmat_boots_grey":1,"stat.useItem.hbm.machine_uf6_tank":2,"stat.drop":11,"stat.useItem.hbm.machine_gascent":1,"stat.killEntity.Zombie":3,"stat.useItem.hbm.detonator_multi":44,"stat.mineBlock.minecraft.gold_ore":6,"stat.diveOneCm":14712,"stat.pickup.hbm.designator_range":2,"stat.pickup.minecraft.sign":2,"stat.pickup.hbm.machine_uf6_tank":6,"stat.pickup.minecraft.gravel":2,"stat.pickup.hbm.battery_sc_yharonite":1,"stat.drop.hbm.concrete_white":1,"stat.jump":4009,"stat.pickup.minecraft.coal":54,"stat.craftItem.hbm.steel_helmet":1,"stat.pickup.minecraft.iron_ingot":1,"stat.pickup.minecraft.gunpowder":7,"stat.pickup.minecraft.spider_eye":2,"stat.useItem.hbm.brick_concrete":34,"stat.pickup.minecraft.dirt":112,"stat.pickup.minecraft.iron_ore":33,"stat.useItem.hbm.machine_radgen":13,"stat.pickup.minecraft.gold_ore":6,"stat.pickup.hbm.steel_sword":1,"stat.mineBlock.minecraft.lapis_ore":5,"stat.damageTaken":597,"stat.pickup.hbm.red_cable":128,"stat.mineBlock.minecraft.torch":3,"stat.drop.minecraft.water_bucket":2,"stat.useItem.hbm.red_cable":46,"stat.pickup.hbm.alloy_shovel":1,"stat.useItem.customnpcs.npcwand":9,"stat.drop.hbm.ladder_red":1,"stat.damageDealt":1513,"stat.pickup.minecraft.minecart":3,"stat.useItem.customnpcs.npcmobcloner":15,"stat.pickup.hbm.machine_tower_small":1,"stat.pickup.hbm.hazmat_helmet_grey":2,"stat.walkOneCm":1403176,"stat.pickup.minecraft.stick":4,"stat.useItem.securitycraft.whitelist_module":2,"stat.pickup.hbm.hazmat_legs_grey":1,"stat.pickup.minecraft.stone":58,"stat.killEntity.Skeleton":2,"stat.drop.hbm.heater_electric":1,"stat.pickup.hbm.heater_electric":1,"stat.useItem.hbm.machine_large_turbine":12,"stat.useItem.hbm.decon":2,"stat.killEntity.Spider":1,"stat.mobKills":9,"stat.pickup.minecraft.water_bucket":2,"stat.pickup.car.canola_seeds":2,"stat.pickup.minecraft.torch":67,"stat.mineBlock.minecraft.redstone_ore":5,"stat.mineBlock.minecraft.stone":587,"stat.pickup.hbm.radaway_strong":32}