{"stat.craftItem.hbm.alloy_pickaxe":1,"stat.pickup.hbm.crate":64,"stat.pickup.hbm.ingot_beryllium":64,"stat.walkOneCm":15670,"stat.pickup.hbm.ingot_copper":64,"stat.drop.hbm.ingot_tungsten":2,"stat.pickup.hbm.ingot_red_copper":64,"stat.pickup.hbm.machine_assembler":1,"stat.jump":60,"stat.pickup.hbm.ingot_titanium":64,"stat.fallOneCm":836,"stat.craftItem.hbm.alloy_axe":1,"stat.pickup.minecraft.stone":1,"stat.pickup.hbm.crate_metal":128,"stat.crouchOneCm":3,"stat.useItem.hbm.alloy_pickaxe":42,"stat.pickup.minecraft.dirt":6,"stat.sprintOneCm":2859,"stat.useItem.minecraft.stone_slab2":1,"stat.craftItem.minecraft.stick":12,"stat.pickup.minecraft.gold_ingot":64,"stat.craftingTableInteraction":3,"stat.pickup.hbm.ingot_tungsten":66,"stat.pickup.hbm.photo_panel":1,"stat.pickup.hbm.crowbar":2,"stat.pickup.hbm.nuke_advanced_kit":1,"stat.useItem.minecraft.egg":2,"stat.pickup.hbm.ingot_steel":64,"stat.damageTaken":75,"stat.craftItem.hbm.titanium_plate":1,"stat.pickup.minecraft.cobblestone":32,"stat.pickup.hbm.ingot_advanced_alloy":64,"stat.pickup.minecraft.planks":72,"stat.flyOneCm":7645,"stat.pickup.hbm.crate_lead":64,"stat.drop":2,"stat.pickup.minecraft.egg":2,"stat.playOneMinute":18644,"stat.pickup.minecraft.torch":2,"stat.sneakTime":92,"stat.pickup.hbm.crate_weapon":64,"stat.damageDealt":60,"stat.timeSinceDeath":18644,"stat.mineBlock.minecraft.dirt":14,"stat.mineBlock.minecraft.stone":40}